threshold,precision,recall,f1
0.023195514,0.2654364797728886,1.0,0.4195176668536175
0.023711698,0.265625,1.0,0.41975308641975306
0.023810938,0.2658137882018479,1.0,0.4199887703537339
0.024306696,0.26600284495021337,1.0,0.4202247191011236
0.024777558,0.2661921708185053,1.0,0.4204609331084879
0.024920996,0.26638176638176636,1.0,0.420697412823397
0.025456622,0.26657163221667857,1.0,0.42093415869442885
0.025709933,0.26676176890156916,1.0,0.42117117117117114
0.02579214,0.2669521770164168,1.0,0.4214084507042253
0.025955023,0.2671428571428571,1.0,0.42164599774520856
0.026035897,0.2673338098641887,1.0,0.4218838127467569
0.026041986,0.2675250357653791,1.0,0.4221218961625282
0.026085464,0.2677165354330709,1.0,0.42236024844720504
0.026445806,0.2679083094555874,1.0,0.4225988700564972
0.02649099,0.26810035842293906,1.0,0.42283776144714524
0.026811346,0.2682926829268293,1.0,0.4230769230769231
0.026904183,0.2684852835606604,1.0,0.42331635540464063
0.027968455,0.26887131560028754,1.0,0.42379603399433424
0.02810832,0.26906474820143883,1.0,0.42403628117913833
0.028376726,0.26925845932325415,1.0,0.424276800907544
0.028506525,0.26945244956772335,1.0,0.4245175936435869
0.028513247,0.26964671953857244,1.0,0.42475865985235656
0.028791545,0.2698412698412698,1.0,0.425
0.028801307,0.2700361010830325,1.0,0.4252416145537237
0.02895937,0.2702312138728324,1.0,0.4254835039817975
0.02944521,0.27042660882140274,1.0,0.4257256687535572
0.029815935,0.2706222865412446,1.0,0.42596810933940776
0.029894926,0.27081824764663287,1.0,0.42621082621082623
0.030083096,0.2710144927536232,1.0,0.4264538198403649
0.030128065,0.271211022480058,1.0,0.42669709070165435
0.030209417,0.2714078374455733,1.0,0.4269406392694064
0.03041228,0.2716049382716049,1.0,0.4271844660194175
0.030727135,0.27180232558139533,1.0,0.42742857142857144
0.030819423,0.272,1.0,0.4276729559748428
0.030900333,0.27219796215429404,1.0,0.4279176201372998
0.030968022,0.27239621267297887,1.0,0.4281625643961076
0.031058494,0.2725947521865889,1.0,0.42840778923253153
0.031856894,0.2727935813274982,1.0,0.42865329512893985
0.031963218,0.272992700729927,1.0,0.4288990825688073
0.032414198,0.2731921110299489,1.0,0.4291451520367183
0.03295469,0.2733918128654971,1.0,0.4293915040183697
0.03306187,0.27359180687637163,1.0,0.4296381390005744
0.03388679,0.27379209370424595,1.0,0.4298850574712643
0.034510247,0.273992673992674,1.0,0.43013225991949405
0.034717977,0.27419354838709675,1.0,0.430379746835443
0.035296272,0.2743947175348496,1.0,0.4306275187104203
0.03566638,0.2745961820851689,1.0,0.4308755760368663
0.035680864,0.2747979426891991,1.0,0.4311239193083573
0.036141455,0.275,1.0,0.4313725490196079
0.036213163,0.27520235467255333,1.0,0.4316214656664743
0.036552552,0.27540500736377027,1.0,0.4318706697459585
0.036625374,0.27560795873249816,1.0,0.43212016175621026
0.03667708,0.275811209439528,1.0,0.4323699421965318
0.0368202,0.27601476014760146,1.0,0.43262001156737995
0.036897585,0.276218611521418,1.0,0.43287037037037035
0.0369957,0.2764227642276423,1.0,0.43312101910828027
0.03718868,0.2768319763138416,1.0,0.4336231884057971
0.037525218,0.277037037037037,1.0,0.43387470997679817
0.037696537,0.2765011119347665,0.9973262032085561,0.43296575739988397
0.037708923,0.2767062314540059,0.9973262032085561,0.43321718931475023
0.03782481,0.2769116555308092,0.9973262032085561,0.4334689134224289
0.03817403,0.2771173848439822,0.9973262032085561,0.43372093023255814
0.038188677,0.27732342007434946,0.9973262032085561,0.4339732402559628
0.03821308,0.27773641102010427,0.9973262032085561,0.4344787419918462
0.038266167,0.2779433681073025,0.9973262032085561,0.4347319347319347
0.038494393,0.27815063385533184,0.9973262032085561,0.4349854227405247
0.038500737,0.2783582089552239,0.9973262032085561,0.43523920653442244
0.038822323,0.27856609410007466,0.9973262032085561,0.43549328663164033
0.038855493,0.2787742899850523,0.9973262032085561,0.4357476635514019
0.038911056,0.27898279730740466,0.9973262032085561,0.4360023378141438
0.03899339,0.2791916167664671,0.9973262032085561,0.4362573099415205
0.039044365,0.2794007490636704,0.9973262032085561,0.43651258045640734
0.039078355,0.27961019490254874,0.9973262032085561,0.436768149882904
0.039090388,0.2798199549887472,0.9973262032085561,0.4370240187463386
0.039412595,0.28003003003003,0.9973262032085561,0.4372801875732708
0.039417535,0.2802404207362885,0.9973262032085561,0.4375366568914957
0.039473705,0.2804511278195489,0.9973262032085561,0.43779342723004694
0.039642252,0.2806621519939804,0.9973262032085561,0.43805049911920135
0.03989743,0.2808734939759036,0.9973262032085561,0.43830787309048175
0.039908193,0.28108515448379806,0.9973262032085561,0.4385655496766608
0.039911315,0.2812971342383107,0.9973262032085561,0.4388235294117646
0.040135056,0.28150943396226413,0.9973262032085561,0.43908181283107706
0.040150315,0.28172205438066467,0.9973262032085561,0.43934040047114253
0.040167663,0.2819349962207105,0.9973262032085561,0.4395992928697702
0.040178496,0.2821482602118003,0.9973262032085561,0.43985849056603776
0.040262137,0.28236184708554124,0.9973262032085561,0.44011799410029495
0.040354576,0.2825757575757576,0.9973262032085561,0.44037780401416765
0.04037448,0.28278999241849884,0.9973262032085561,0.44063792085056114
0.04042947,0.2830045523520486,0.9973262032085561,0.4408983451536643
0.040538754,0.2832194381169324,0.9973262032085561,0.4411590774689532
0.040674157,0.28343465045592703,0.9973262032085561,0.4414201183431953
0.040757045,0.28365019011406845,0.9973262032085561,0.4416814683244524
0.040930137,0.2838660578386606,0.9973262032085561,0.4419431279620854
0.04120631,0.2840822543792841,0.9973262032085561,0.4422050978067576
0.041297343,0.2842987804878049,0.9973262032085561,0.4424673784104388
0.04151388,0.28451563691838294,0.9973262032085561,0.4427299703264095
0.041529637,0.28473282442748094,0.9973262032085561,0.44299287410926375
0.041547045,0.2849503437738732,0.9973262032085561,0.44325609031491386
0.04159475,0.2851681957186544,0.9973262032085561,0.4435196195005945
0.04171803,0.28538638102524866,0.9973262032085561,0.44378346222486614
0.041808385,0.285823754789272,0.9973262032085561,0.4443120905300775
0.04220766,0.2860429447852761,0.9973262032085561,0.4445768772348034
0.04227606,0.28626247122026094,0.9973262032085561,0.4448419797257006
0.04272206,0.28648233486943164,0.9973262032085561,0.4451073985680191
0.04272519,0.28670253651037664,0.9973262032085561,0.44537313432835823
0.04329479,0.28692307692307695,0.9973262032085561,0.4456391875746715
0.043438457,0.28714395688991534,0.9973262032085561,0.4459055588762702
0.04350709,0.28736517719568566,0.9973262032085561,0.4461722488038277
0.043654066,0.28758673862760215,0.9973262032085561,0.4464392579293836
0.043903016,0.28780864197530864,0.9973262032085561,0.4467065868263473
0.04395866,0.28803088803088805,0.9973262032085561,0.4469742360695027
0.044220652,0.2882534775888717,0.9973262032085561,0.447242206235012
0.044348862,0.288476411446249,0.9973262032085561,0.44751049790041986
0.04438555,0.2886996904024768,0.9973262032085561,0.4477791116446579
0.044414297,0.2889233152594888,0.9973262032085561,0.44804804804804804
0.044439856,0.28914728682170543,0.9973262032085561,0.44831730769230765
0.044494905,0.28937160589604344,0.9973262032085561,0.4485868911605533
0.044705655,0.28959627329192544,0.9973262032085561,0.4488567990373044
0.044740137,0.2898212898212898,0.9973262032085561,0.4491270319084889
0.044867914,0.2900466562986003,0.9973262032085561,0.4493975903614458
0.044874392,0.29027237354085605,0.9973262032085561,0.4496684749849307
0.04503139,0.29049844236760125,0.9973262032085561,0.4499396863691194
0.045037787,0.2907248636009353,0.9973262032085561,0.4502112251056125
0.045120154,0.2909516380655226,0.9973262032085561,0.45048309178743956
0.04523647,0.29117876658860264,0.9973262032085561,0.4507552870090635
0.045368854,0.29140625,0.9973262032085561,0.45102781136638453
0.04539327,0.2918622848200313,0.9973262032085561,0.45157384987893456
0.04546795,0.2920908379013312,0.9973262032085561,0.45184736523319197
0.045583725,0.29231974921630094,0.9973262032085561,0.4521212121212121
0.04569356,0.29254901960784313,0.9973262032085561,0.45239539114614913
0.045698363,0.29277864992150704,0.9973262032085561,0.4526699029126214
0.04572424,0.29300864100549884,0.9973262032085561,0.4529447480267153
0.045753784,0.29323899371069184,0.9973262032085561,0.45321992709599035
0.045920257,0.2934697088906373,0.9973262032085561,0.4534954407294833
0.04595407,0.2937007874015748,0.9973262032085561,0.4537712895377129
0.046129685,0.29393223010244285,0.9973262032085561,0.45404747413268404
0.046258565,0.2941640378548896,0.9973262032085561,0.45432399512789284
0.04642016,0.2943962115232833,0.9973262032085561,0.4546008531383302
0.04660001,0.29462875197472355,0.9973262032085561,0.4548780487804879
0.04679014,0.2948616600790514,0.9973262032085561,0.45515558267236117
0.046877917,0.2950949367088608,0.9973262032085561,0.4554334554334554
0.046963446,0.2953285827395091,0.9973262032085561,0.45571166768478927
0.04712448,0.29556259904912835,0.9973262032085561,0.4559902200488997
0.047308285,0.295796986518636,0.9973262032085561,0.4562691131498471
0.04734864,0.29603174603174603,0.9973262032085561,0.45654834761321905
0.047511145,0.2962668784749801,0.9973262032085561,0.45682792406613587
0.04753469,0.29650238473767887,0.9973262032085561,0.45710784313725494
0.047837272,0.2967382657120127,0.9973262032085561,0.457388105456775
0.047855966,0.29697452229299365,0.9973262032085561,0.45766871165644174
0.048443664,0.2972111553784861,0.9973262032085561,0.45794966236955187
0.048531637,0.2974481658692185,0.9973262032085561,0.4582309582309582
0.048714124,0.29768555466879487,0.9973262032085561,0.4585125998770743
0.04880365,0.2979233226837061,0.9973262032085561,0.45879458794587946
0.048941143,0.2981614708233413,0.9973262032085561,0.45907692307692305
0.04934836,0.2984,0.9973262032085561,0.45935960591133007
0.049781386,0.2986389111289031,0.9973262032085561,0.4596426370918053
0.049820933,0.2988782051282051,0.9973262032085561,0.45992601726263876
0.050060444,0.2991178829190056,0.9973262032085561,0.4602097470697101
0.05026691,0.29935794542536115,0.9973262032085561,0.4604938271604938
0.05037221,0.2995983935742972,0.9973262032085561,0.46077825818406426
0.05042511,0.29983922829581994,0.9973262032085561,0.4610630407911001
0.05056286,0.3000804505229284,0.9973262032085561,0.46134817563388997
0.050685894,0.3003220611916264,0.9973262032085561,0.46163366336633666
0.050899386,0.3005640612409347,0.9973262032085561,0.46191950464396275
0.050991617,0.3008064516129032,0.9973262032085561,0.4622057001239157
0.05100212,0.30104923325262306,0.9973262032085561,0.4624922504649721
0.052066892,0.30129240710823907,0.9973262032085561,0.46277915632754346
0.05228768,0.301535974130962,0.9973262032085561,0.4630664183736809
0.05273543,0.3017799352750809,0.9973262032085561,0.4633540372670807
0.053017985,0.3020242914979757,0.9973262032085561,0.46364201367308894
0.053526543,0.30226904376012964,0.9973262032085561,0.46393034825870644
0.053800907,0.30251419302514193,0.9973262032085561,0.4642190416925949
0.0541316,0.3027597402597403,0.9973262032085561,0.46450809464508097
0.05440644,0.30300568643379366,0.9973262032085561,0.4647975077881619
0.054475397,0.3032520325203252,0.9973262032085561,0.46508728179551123
0.054590836,0.30349877949552484,0.9973262032085561,0.46537741734248284
0.05472182,0.30374592833876224,0.9973262032085561,0.4656679151061174
0.055076007,0.30399348003259985,0.9973262032085561,0.4659587757651468
0.055131383,0.30424143556280586,0.9973262032085561,0.46624999999999994
0.0552961,0.30448979591836733,0.9973262032085561,0.4665415884928081
0.055507652,0.3047385620915033,0.9973262032085561,0.4668335419274093
0.055643752,0.30498773507767785,0.9973262032085561,0.46712586098935505
0.055741265,0.30523731587561376,0.9973262032085561,0.4674185463659148
0.0557682,0.30548730548730546,0.9973262032085561,0.4677115987460814
0.055813354,0.30573770491803276,0.9973262032085561,0.4680050188205771
0.055917032,0.3059885151763741,0.9973262032085561,0.46829880728185813
0.056021366,0.30623973727422005,0.9973262032085561,0.46859296482412066
0.05625485,0.3064913722267872,0.9973262032085561,0.4688874921433061
0.05631816,0.3067434210526316,0.9973262032085561,0.4691823899371069
0.056536242,0.3069958847736626,0.9973262032085561,0.4694776589049717
0.05666856,0.30724876441515653,0.9973262032085561,0.4697732997481109
0.0566824,0.30667765869744434,0.9946524064171123,0.4688090737240076
0.056694206,0.3069306930693069,0.9946524064171123,0.46910466582597726
0.0567419,0.30718414533443433,0.9946524064171123,0.4694006309148264
0.057360973,0.3074380165289256,0.9946524064171123,0.4696969696969697
0.05738734,0.3076923076923077,0.9946524064171123,0.46999368288060644
0.057814013,0.3079470198675497,0.9946524064171123,0.4702907711757269
0.05810103,0.30820215410107704,0.9946524064171123,0.47058823529411764
0.058792416,0.30845771144278605,0.9946524064171123,0.47088607594936704
0.058922946,0.3087136929460581,0.9946524064171123,0.47118429385687144
0.059323013,0.3089700996677741,0.9946524064171123,0.4714828897338404
0.05938631,0.3092269326683292,0.9946524064171123,0.47178186429930247
0.0595165,0.30948419301164726,0.9946524064171123,0.47208121827411165
0.05969418,0.3097418817651957,0.9946524064171123,0.47238095238095235
0.05973723,0.31,0.9946524064171123,0.4726810673443456
0.061221242,0.3102585487906589,0.9946524064171123,0.4729815638906548
0.06122837,0.3105175292153589,0.9946524064171123,0.4732824427480915
0.06146292,0.3107769423558897,0.9946524064171123,0.47358370464672184
0.062428832,0.3110367892976589,0.9946524064171123,0.47388535031847134
0.06278016,0.3112970711297071,0.9946524064171123,0.4741873804971319
0.062829055,0.31155778894472363,0.9946524064171123,0.4744897959183674
0.06327684,0.31181894383906117,0.9946524064171123,0.4747925973197191
0.063426055,0.31208053691275167,0.9946524064171123,0.475095785440613
0.06402177,0.3123425692695214,0.9946524064171123,0.47539936102236424
0.064156115,0.3126050420168067,0.9946524064171123,0.47570332480818417
0.06416783,0.3128679562657696,0.9946524064171123,0.47600767754318624
0.06551156,0.31313131313131315,0.9946524064171123,0.47631241997439183
0.06599306,0.3133951137320977,0.9946524064171123,0.47661755285073665
0.06614816,0.3139240506329114,0.9946524064171123,0.477228992944195
0.06674831,0.3141891891891892,0.9946524064171123,0.47753530166880614
0.06708301,0.3144547759932375,0.9946524064171123,0.47784200385356457
0.06727188,0.3147208121827411,0.9946524064171123,0.4781491002570694
0.06745121,0.31498729889923793,0.9946524064171123,0.47845659163987136
0.0690896,0.3152542372881356,0.9946524064171123,0.47876447876447875
0.06935354,0.3155216284987277,0.9946524064171123,0.4790727623953638
0.06961801,0.3157894736842105,0.9946524064171123,0.47938144329896903
0.07159626,0.3160577740016992,0.9946524064171123,0.47969052224371367
0.07199541,0.3163265306122449,0.9946524064171123,0.48000000000000004
0.07223075,0.31659574468085105,0.9946524064171123,0.4803098773402194
0.07282839,0.31686541737649065,0.9946524064171123,0.4806201550387597
0.0735642,0.3171355498721228,0.9946524064171123,0.4809308338720103
0.073835745,0.3174061433447099,0.9946524064171123,0.48124191461836996
0.07391494,0.31767719897523483,0.9946524064171123,0.4815533980582524
0.07428126,0.31794871794871793,0.9946524064171123,0.4818652849740932
0.07460112,0.31822070145423437,0.9946524064171123,0.4821775761503564
0.074835934,0.3184931506849315,0.9946524064171123,0.4824902723735408
0.07524481,0.31876606683804626,0.9946524064171123,0.48280337443218685
0.07539053,0.3190394511149228,0.9946524064171123,0.4831168831168831
0.075424656,0.31931330472103003,0.9946524064171123,0.48343079922027293
0.07552559,0.31958762886597936,0.9946524064171123,0.48374512353706106
0.07584976,0.31986242476354254,0.9946524064171123,0.48405985686402075
0.07613828,0.32013769363166955,0.9946524064171123,0.484375
0.076156124,0.32041343669250644,0.9946524064171123,0.4846905537459283
0.076717265,0.32096635030198445,0.9946524064171123,0.4853228962818004
0.07683147,0.32124352331606215,0.9946524064171123,0.4856396866840731
0.07698643,0.32152117545375974,0.9946524064171123,0.4859568909209668
0.07737979,0.3217993079584775,0.9946524064171123,0.48627450980392156
0.07792438,0.3220779220779221,0.9946524064171123,0.48659254414650094
0.07816849,0.3223570190641248,0.9946524064171123,0.486910994764398
0.07826316,0.3226366001734605,0.9946524064171123,0.48722986247544203
0.07898204,0.3229166666666667,0.9946524064171123,0.48754914809960687
0.07901065,0.32319721980886185,0.9946524064171123,0.4878688524590164
0.07920492,0.3234782608695652,0.9946524064171123,0.4881889763779527
0.079397775,0.3237597911227154,0.9946524064171123,0.4885095206828628
0.079652704,0.3240418118466899,0.9946524064171123,0.4888304862023653
0.07968328,0.32432432432432434,0.9946524064171123,0.4891518737672584
0.08000305,0.32460732984293195,0.9946524064171123,0.48947368421052634
0.08008803,0.32489082969432315,0.9946524064171123,0.4897959183673469
0.08049924,0.32517482517482516,0.9946524064171123,0.49011857707509876
0.081116565,0.32545931758530183,0.9946524064171123,0.4904416611733685
0.08152474,0.3257443082311734,0.9946524064171123,0.4907651715039578
0.081766754,0.32602979842243646,0.9946524064171123,0.491089108910891
0.081942774,0.3263157894736842,0.9946524064171123,0.4914134742404227
0.08204015,0.32660228270412645,0.9946524064171123,0.49173826834104434
0.08204795,0.3268892794376098,0.9946524064171123,0.492063492063492
0.082247555,0.32717678100263853,0.9946524064171123,0.4923891462607545
0.08257175,0.3274647887323944,0.9946524064171123,0.49271523178807947
0.083124034,0.3277533039647577,0.9946524064171123,0.4930417495029821
0.083409525,0.328042328042328,0.9946524064171123,0.49336870026525204
0.08344564,0.3283318623124448,0.9946524064171123,0.49369608493696077
0.083865434,0.3286219081272085,0.9946524064171123,0.4940239043824701
0.084403016,0.32891246684350134,0.9946524064171123,0.4943521594684386
0.084558316,0.32949512843224094,0.9946524064171123,0.49500998003992014
0.084943436,0.32978723404255317,0.9946524064171123,0.4953395472703062
0.08498643,0.3300798580301686,0.9946524064171123,0.4956695536309127
0.0851051,0.33037300177619894,0.9946524064171123,0.496
0.08515449,0.33066666666666666,0.9946524064171123,0.49633088725817215
0.08568565,0.3309608540925267,0.9946524064171123,0.49666221628838453
0.08620325,0.3312555654496883,0.9946524064171123,0.4969939879759519
0.08641265,0.3315508021390374,0.9946524064171123,0.4973262032085561
0.08664254,0.33184656556645853,0.9946524064171123,0.49765886287625416
0.08714831,0.33214285714285713,0.9946524064171123,0.4979919678714859
0.08740335,0.3324396782841823,0.9946524064171123,0.49832551908908235
0.08753689,0.33273703041144903,0.9946524064171123,0.4986595174262735
0.0876525,0.333034914950761,0.9946524064171123,0.49899396378269617
0.08780889,0.3324372759856631,0.9919786096256684,0.49798657718120803
0.087928206,0.3327354260089686,0.9919786096256684,0.4983210208193419
0.08794713,0.33303411131059246,0.9919786096256684,0.49865591397849457
0.08817536,0.33363309352517984,0.9919786096256684,0.4993270524899058
0.089111276,0.3339333933393339,0.9919786096256684,0.4996632996632997
0.0892267,0.3342342342342342,0.9919786096256684,0.5
0.089767694,0.3345356176735798,0.9919786096256684,0.5003371544167229
0.09032179,0.3348375451263538,0.9919786096256684,0.5006747638326585
0.090537645,0.33514001806684734,0.9919786096256684,0.5010128291694801
0.09088519,0.33544303797468356,0.9919786096256684,0.5013513513513513
0.091178365,0.3357466063348416,0.9919786096256684,0.5016903313049358
0.092949405,0.33605072463768115,0.9919786096256684,0.5020297699594046
0.09297628,0.33635539437896644,0.9919786096256684,0.5023696682464455
0.09310323,0.3366606170598911,0.9919786096256684,0.5027100271002709
0.09317687,0.3369663941871026,0.9919786096256684,0.5030508474576271
0.09479548,0.3372727272727273,0.9919786096256684,0.5033921302578019
0.09540233,0.3375796178343949,0.9919786096256684,0.5037338764426341
0.095428586,0.33788706739526414,0.9919786096256684,0.5040760869565218
0.0954436,0.3381950774840474,0.9919786096256684,0.504418762746431
0.095648244,0.3385036496350365,0.9919786096256684,0.5047619047619047
0.096037865,0.33881278538812787,0.9919786096256684,0.5051055139550714
0.09610836,0.3391224862888483,0.9919786096256684,0.505449591280654
0.09645528,0.3394327538883806,0.9919786096256684,0.5057941376959783
0.09704764,0.33974358974358976,0.9919786096256684,0.5061391541609823
0.09722317,0.3400549954170486,0.9919786096256684,0.5064846416382253
0.09732637,0.3403669724770642,0.9919786096256684,0.5068306010928962
0.097890615,0.34067952249770433,0.9919786096256684,0.507177033492823
0.098383956,0.34099264705882354,0.9919786096256684,0.5075239398084815
0.09887132,0.34130634774609014,0.9919786096256684,0.5078713210130047
0.09917305,0.3416206261510129,0.9919786096256684,0.5082191780821919
0.099177055,0.3419354838709677,0.9919786096256684,0.5085675119945168
0.09935356,0.3422509225092251,0.9919786096256684,0.5089163237311385
0.099416,0.3425669436749769,0.9919786096256684,0.5092656142759093
0.09980426,0.34288354898336415,0.9919786096256684,0.5096153846153846
0.09998923,0.34320074005550416,0.9919786096256684,0.5099656357388316
0.10002406,0.3425925925925926,0.9893048128342246,0.5089408528198075
0.10021576,0.34291010194624655,0.9893048128342246,0.5092911218169305
0.100359835,0.3432282003710575,0.9893048128342246,0.509641873278237
0.10042868,0.3435468895078923,0.9893048128342246,0.5099931082012404
0.100730605,0.34386617100371747,0.9893048128342246,0.5103448275862069
0.101518005,0.34418604651162793,0.9893048128342246,0.5106970324361628
0.10205014,0.34450651769087526,0.9893048128342246,0.5110497237569062
0.102060914,0.3448275862068966,0.9893048128342246,0.5114029025570146
0.10313823,0.3451492537313433,0.9893048128342246,0.5117565698478562
0.10322423,0.34547152194211017,0.9893048128342246,0.5121107266435986
0.10343318,0.3448598130841122,0.9866310160427807,0.5110803324099722
0.103693105,0.3451824134705332,0.9866310160427807,0.5114345114345114
0.10398623,0.3455056179775281,0.9866310160427807,0.5117891816920943
0.10404058,0.3458294283036551,0.9866310160427807,0.5121443442054129
0.1047179,0.34615384615384615,0.9866310160427807,0.5125
0.10599698,0.3464788732394366,0.9866310160427807,0.512856150104239
0.106470056,0.3468045112781955,0.9866310160427807,0.5132127955493742
0.10648517,0.3471307619943556,0.9866310160427807,0.5135699373695198
0.108213775,0.3474576271186441,0.9866310160427807,0.5139275766016714
0.10895474,0.3477851083883129,0.9866310160427807,0.5142857142857143
0.10968633,0.3481132075471698,0.9866310160427807,0.5146443514644351
0.109733984,0.34844192634560905,0.9866310160427807,0.515003489183531
0.111076474,0.3487712665406427,0.9866310160427807,0.51536312849162
0.11151781,0.3491012298959319,0.9866310160427807,0.5157232704402516
0.11161533,0.3494318181818182,0.9866310160427807,0.5160839160839161
0.11168014,0.34881516587677724,0.983957219251337,0.5150454863540938
0.11205328,0.349146110056926,0.983957219251337,0.515406162464986
0.11210012,0.34947768281101615,0.983957219251337,0.5157673440784863
0.11248896,0.34980988593155893,0.983957219251337,0.5161290322580645
0.11261642,0.3491912464319695,0.9812834224598931,0.5150877192982456
0.113258556,0.3495238095238095,0.9812834224598931,0.5154494382022472
0.115163796,0.34985700667302194,0.9812834224598931,0.5158116654954322
0.11579567,0.3501908396946565,0.9812834224598931,0.5161744022503515
0.11591899,0.35052531041069723,0.9812834224598931,0.5165376495425756
0.11599256,0.3508604206500956,0.9812834224598931,0.5169014084507042
0.11685863,0.35119617224880384,0.9812834224598931,0.5172656800563777
0.11710427,0.35153256704980845,0.9812834224598931,0.5176304654442877
0.11722786,0.35186960690316393,0.9812834224598931,0.5179957657021876
0.11724587,0.3512476007677543,0.9786096256684492,0.5169491525423728
0.117330775,0.3515850144092219,0.9786096256684492,0.5173144876325088
0.11737346,0.35192307692307695,0.9786096256684492,0.5176803394625177
0.11901683,0.35226179018286813,0.9786096256684492,0.5180467091295117
0.119139455,0.35260115606936415,0.9786096256684492,0.5184135977337111
0.11996719,0.35294117647058826,0.9786096256684492,0.518781006378455
0.12012202,0.3532818532818533,0.9786096256684492,0.5191489361702128
0.12017953,0.3536231884057971,0.9786096256684492,0.5195173882185947
0.12074059,0.3539651837524178,0.9786096256684492,0.5198863636363636
0.12112904,0.3543078412391094,0.9786096256684492,0.5202558635394456
0.12137642,0.3546511627906977,0.9786096256684492,0.5206258890469417
0.12328914,0.35499515033947626,0.9786096256684492,0.5209964412811389
0.125205,0.3553398058252427,0.9786096256684492,0.5213675213675214
0.12738377,0.3556851311953353,0.9786096256684492,0.5217391304347827
0.12822646,0.3560311284046693,0.9786096256684492,0.522111269614836
0.12861162,0.3563777994157741,0.9786096256684492,0.5224839400428265
0.12904604,0.3567251461988304,0.9786096256684492,0.5228571428571428
0.12961252,0.3570731707317073,0.9786096256684492,0.5232308791994281
0.13012114,0.357421875,0.9786096256684492,0.5236051502145923
0.13123894,0.35777126099706746,0.9786096256684492,0.5239799570508232
0.13169992,0.35812133072407043,0.9786096256684492,0.5243553008595988
0.13188435,0.3584720861900098,0.9786096256684492,0.524731182795699
0.13228019,0.3588235294117647,0.9786096256684492,0.5251076040172167
0.13262942,0.3591756624141315,0.9786096256684492,0.5254845656855707
0.13299094,0.35952848722986247,0.9786096256684492,0.5258620689655172
0.13316628,0.35988200589970504,0.9786096256684492,0.5262401150251618
0.13322683,0.36023622047244097,0.9786096256684492,0.5266187050359712
0.1340059,0.35960591133004927,0.9759358288770054,0.5255579553635709
0.13416766,0.3599605522682446,0.9759358288770054,0.5259365994236311
0.1344303,0.36031589338598224,0.9759358288770054,0.5263157894736843
0.13591143,0.3606719367588933,0.9759358288770054,0.5266955266955268
0.13611291,0.361028684470821,0.9759358288770054,0.5270758122743683
0.13709043,0.3613861386138614,0.9759358288770054,0.5274566473988439
0.13715515,0.36174430128840435,0.9759358288770054,0.5278380332610267
0.13819157,0.3621031746031746,0.9759358288770054,0.5282199710564399
0.1395244,0.3624627606752731,0.9759358288770054,0.5286024619840696
0.1401449,0.3628230616302187,0.9759358288770054,0.5289855072463768
0.14040954,0.36318407960199006,0.9759358288770054,0.5293691080493111
0.14092147,0.36354581673306774,0.9759358288770054,0.5297532656023223
0.14412694,0.36390827517447655,0.9759358288770054,0.5301379811183733
0.14525925,0.36427145708582837,0.9759358288770054,0.5305232558139535
0.14540201,0.3646353646353646,0.9759358288770054,0.5309090909090909
0.14545998,0.365,0.9759358288770054,0.5312954876273653
0.14766224,0.36536536536536535,0.9759358288770054,0.5316824471959214
0.14811856,0.3657314629258517,0.9759358288770054,0.532069970845481
0.14897172,0.36609829488465395,0.9759358288770054,0.5324580598103574
0.14918813,0.36646586345381527,0.9759358288770054,0.5328467153284672
0.15094803,0.36683417085427134,0.9759358288770054,0.533235938641344
0.1523991,0.3672032193158954,0.9759358288770054,0.5336257309941521
0.15415528,0.3675730110775428,0.9759358288770054,0.5340160936356987
0.15495096,0.36794354838709675,0.9759358288770054,0.5344070278184481
0.15562968,0.3683148335015136,0.9759358288770054,0.5347985347985348
0.15614878,0.3686868686868687,0.9759358288770054,0.5351906158357771
0.15704045,0.3690596562184024,0.9759358288770054,0.5355832721936904
0.15924992,0.3694331983805668,0.9759358288770054,0.5359765051395008
0.16226791,0.3698074974670719,0.9759358288770054,0.5363703159441586
0.16405156,0.37018255578093306,0.9759358288770054,0.5367647058823528
0.16452502,0.3695431472081218,0.9732620320855615,0.5356880058866813
0.16596766,0.3699186991869919,0.9732620320855615,0.5360824742268041
0.1662309,0.37029501525940994,0.9732620320855615,0.5364775239498895
0.16652973,0.37067209775967414,0.9732620320855615,0.5368731563421829
0.16731341,0.37003058103975534,0.9705882352941176,0.5357933579335793
0.16749495,0.3693877551020408,0.9679144385026738,0.5347119645494829
0.16751634,0.36976506639427986,0.9679144385026738,0.5351071692535107
0.1686926,0.37014314928425357,0.9679144385026738,0.5355029585798816
0.17061178,0.3705220061412487,0.9679144385026738,0.5358993338267949
0.17122784,0.3709016393442623,0.9679144385026738,0.5362962962962964
0.17163616,0.3712820512820513,0.9679144385026738,0.536693847294292
0.1724898,0.37166324435318276,0.9679144385026738,0.5370919881305638
0.17257553,0.3720452209660843,0.9679144385026738,0.5374907201187824
0.17306171,0.3724279835390947,0.9679144385026738,0.5378900445765231
0.17363536,0.3728115345005149,0.9679144385026738,0.5382899628252787
0.17365561,0.3731958762886598,0.9679144385026738,0.5386904761904763
0.17475307,0.3735810113519092,0.9679144385026738,0.5390915860014892
0.17544617,0.3739669421487603,0.9679144385026738,0.5394932935916543
0.17604226,0.37435367114788004,0.9679144385026738,0.5398956002982849
0.17618245,0.3747412008281574,0.9679144385026738,0.5402985074626866
0.17754589,0.37512953367875645,0.9679144385026738,0.5407020164301718
0.17983672,0.3755186721991701,0.9679144385026738,0.5411061285500748
0.18023638,0.37590861889927313,0.9679144385026738,0.5415108451757666
0.180251,0.3762993762993763,0.9679144385026738,0.5419161676646707
0.18090464,0.37669094693028093,0.9679144385026738,0.5423220973782772
0.18290885,0.3770833333333333,0.9679144385026738,0.5427286356821589
0.18324497,0.37747653806047965,0.9679144385026738,0.5431357839459864
0.18458232,0.3778705636743215,0.9679144385026738,0.5435435435435435
0.18604131,0.3782654127481714,0.9679144385026738,0.5439519158527423
0.18605748,0.3786610878661088,0.9679144385026738,0.544360902255639
0.18644637,0.37801047120418846,0.9652406417112299,0.5432656132430399
0.18751703,0.37840670859538783,0.9652406417112299,0.5436746987951807
0.18875897,0.3777544596012592,0.9625668449197861,0.5425772418990205
0.18902884,0.37815126050420167,0.9625668449197861,0.5429864253393665
0.19025995,0.3785488958990536,0.9625668449197861,0.5433962264150943
0.19095257,0.37894736842105264,0.9625668449197861,0.5438066465256798
0.19155714,0.3793466807165437,0.9625668449197861,0.54421768707483
0.1922248,0.379746835443038,0.9625668449197861,0.5446293494704992
0.19256938,0.3801478352692714,0.9625668449197861,0.5450416351249053
0.19362096,0.38054968287526425,0.9625668449197861,0.5454545454545454
0.19376755,0.38095238095238093,0.9625668449197861,0.5458680818802123
0.19557169,0.3813559322033898,0.9625668449197861,0.5462822458270106
0.19583021,0.38176033934252385,0.9625668449197861,0.5466970387243736
0.19619295,0.3821656050955414,0.9625668449197861,0.5471124620060791
0.19674371,0.38257173219978746,0.9625668449197861,0.5475285171102663
0.20035625,0.3829787234042553,0.9625668449197861,0.547945205479452
0.20151263,0.38338658146964855,0.9625668449197861,0.5483625285605483
0.20435683,0.3837953091684435,0.9625668449197861,0.548780487804878
0.2047738,0.3831376734258271,0.9598930481283422,0.547673531655225
0.20504014,0.38354700854700857,0.9598930481283422,0.5480916030534351
0.20546877,0.3839572192513369,0.9598930481283422,0.5485103132161956
0.20626797,0.38436830835117775,0.9598930481283422,0.5489296636085627
0.20709962,0.38478027867095393,0.9598930481283422,0.5493496557000765
0.20719467,0.3851931330472103,0.9598930481283422,0.5497702909647779
0.20739688,0.38560687432867885,0.9598930481283422,0.5501915708812262
0.20758042,0.3860215053763441,0.9598930481283422,0.5506134969325154
0.20829405,0.38643702906350913,0.9598930481283422,0.5510360706062931
0.20894782,0.38685344827586204,0.9598930481283422,0.5514592933947773
0.21015266,0.38727076591154264,0.9598930481283422,0.5518831667947732
0.2122495,0.3876889848812095,0.9598930481283422,0.5523076923076924
0.21370411,0.3881081081081081,0.9598930481283422,0.5527328714395688
0.2150122,0.38852813852813856,0.9598930481283422,0.5531587057010786
0.21564412,0.38894907908992415,0.9598930481283422,0.5535851966075559
0.21567738,0.3893709327548807,0.9598930481283422,0.5540123456790124
0.21576251,0.38979370249728557,0.9598930481283422,0.5544401544401545
0.21718673,0.38913043478260867,0.9572192513368984,0.5533230293663061
0.21859643,0.3895538628944505,0.9572192513368984,0.5537509667440061
0.22038412,0.3899782135076253,0.9572192513368984,0.5541795665634676
0.22068454,0.3904034896401309,0.9572192513368984,0.5546088303640588
0.22179547,0.39082969432314413,0.9572192513368984,0.5550387596899224
0.22205234,0.3901639344262295,0.9545454545454546,0.5539177657098525
0.22390692,0.39059080962800874,0.9545454545454546,0.5543478260869565
0.22433881,0.3910186199342826,0.9545454545454546,0.5547785547785548
0.22506258,0.39144736842105265,0.9545454545454546,0.5552099533437014
0.22531952,0.3918770581778266,0.9545454545454546,0.5556420233463035
0.2256843,0.3923076923076923,0.9545454545454546,0.5560747663551403
0.22593445,0.3927392739273927,0.9545454545454546,0.5565081839438816
0.22593455,0.3931718061674009,0.9545454545454546,0.5569422776911076
0.22711645,0.3936052921719956,0.9545454545454546,0.5573770491803279
0.22829702,0.39403973509933776,0.9545454545454546,0.5578125
0.22963643,0.39447513812154694,0.9545454545454546,0.5582486317435496
0.22968589,0.39491150442477874,0.9545454545454546,0.5586854460093896
0.23034939,0.3953488372093023,0.9545454545454546,0.5591229444009397
0.23173389,0.39578713968957874,0.9545454545454546,0.5595611285266459
0.23174477,0.3951165371809101,0.9518716577540107,0.5584313725490198
0.23217137,0.39555555555555555,0.9518716577540107,0.5588697017268446
0.23486257,0.39599555061179087,0.9518716577540107,0.5593087195600942
0.23772663,0.39532293986636974,0.9491978609625669,0.5581761006289309
0.23801078,0.3957636566332218,0.9491978609625669,0.5586152635719905
0.2382877,0.39620535714285715,0.9491978609625669,0.5590551181102362
0.23847711,0.39664804469273746,0.9491978609625669,0.5594956658786447
0.23908041,0.3959731543624161,0.946524064171123,0.5583596214511041
0.23988627,0.3964165733482643,0.946524064171123,0.5588003157063931
0.24142411,0.3968609865470852,0.946524064171123,0.5592417061611374
0.24208532,0.39730639730639733,0.946524064171123,0.5596837944664033
0.24214701,0.39775280898876403,0.946524064171123,0.560126582278481
0.24231836,0.3982002249718785,0.946524064171123,0.5605700712589073
0.2449604,0.39864864864864863,0.946524064171123,0.5610142630744849
0.24794793,0.399098083427283,0.946524064171123,0.5614591593973037
0.24835972,0.39954853273137697,0.946524064171123,0.5619047619047619
0.24916641,0.4,0.946524064171123,0.562351072279587
0.24974509,0.4004524886877828,0.946524064171123,0.5627980922098569
0.25069782,0.40090600226500567,0.946524064171123,0.5632458233890214
0.2511213,0.4013605442176871,0.946524064171123,0.5636942675159236
0.25154224,0.4018161180476731,0.946524064171123,0.5641434262948207
0.25158018,0.4022727272727273,0.946524064171123,0.5645933014354066
0.2519759,0.40273037542662116,0.946524064171123,0.5650438946528332
0.2520287,0.4031890660592255,0.946524064171123,0.5654952076677316
0.2522717,0.40364880273660203,0.946524064171123,0.5659472422062349
0.25342065,0.4041095890410959,0.946524064171123,0.5664
0.25357643,0.4045714285714286,0.946524064171123,0.5668534827862289
0.255101,0.40503432494279173,0.946524064171123,0.5673076923076923
0.25511438,0.4054982817869416,0.946524064171123,0.5677626303127505
0.25511503,0.4048165137614679,0.9438502673796791,0.5666131621187801
0.25636727,0.4052812858783008,0.9438502673796791,0.5670682730923695
0.25716874,0.4057471264367816,0.9438502673796791,0.567524115755627
0.25798342,0.4062140391254315,0.9438502673796791,0.5679806918744972
0.25807747,0.4066820276497696,0.9438502673796791,0.5684380032206119
0.258255,0.4071510957324106,0.9438502673796791,0.5688960515713134
0.25876763,0.407621247113164,0.9438502673796791,0.5693548387096775
0.25947902,0.40809248554913297,0.9438502673796791,0.5698143664245359
0.25995094,0.4085648148148148,0.9438502673796791,0.5702746365105008
0.26141804,0.40903823870220163,0.9438502673796791,0.570735650767987
0.26253435,0.4095127610208817,0.9438502673796791,0.5711974110032362
0.26316994,0.4099883855981417,0.9438502673796791,0.5716599190283401
0.2646074,0.4104651162790698,0.9438502673796791,0.5721231766612642
0.26496124,0.4109429569266589,0.9438502673796791,0.5725871857258718
0.26540646,0.41025641025641024,0.9411764705882353,0.5714285714285713
0.26669154,0.41073512252042005,0.9411764705882353,0.5718927701056051
0.2669661,0.411214953271028,0.9411764705882353,0.5723577235772357
0.26839086,0.41169590643274856,0.9411764705882353,0.5728234336859236
0.27012676,0.41217798594847777,0.9411764705882353,0.5732899022801303
0.27023894,0.4126611957796014,0.9411764705882353,0.5737571312143439
0.2715571,0.4131455399061033,0.9411764705882353,0.5742251223491028
0.27352756,0.4136310223266745,0.9411764705882353,0.5746938775510203
0.27394873,0.41411764705882353,0.9411764705882353,0.5751633986928105
0.27443424,0.41460541813898705,0.9411764705882353,0.5756336876533116
0.27514118,0.41509433962264153,0.9411764705882353,0.5761047463175123
0.27580914,0.4155844155844156,0.9411764705882353,0.5765765765765766
0.27715877,0.4148936170212766,0.9385026737967914,0.5754098360655738
0.2780891,0.4153846153846154,0.9385026737967914,0.5758818703855619
0.2789634,0.4158767772511848,0.9385026737967914,0.5763546798029556
0.27909714,0.41637010676156583,0.9385026737967914,0.5768282662284305
0.27952442,0.4168646080760095,0.9385026737967914,0.5773026315789473
0.28044105,0.4173602853745541,0.9385026737967914,0.5777777777777777
0.28311706,0.41785714285714287,0.9385026737967914,0.5782537067545305
0.28392455,0.41835518474374256,0.9385026737967914,0.5787304204451773
0.28415236,0.418854415274463,0.9385026737967914,0.5792079207920793
0.28473052,0.41935483870967744,0.9385026737967914,0.5796862097440132
0.2850729,0.41985645933014354,0.9385026737967914,0.5801652892561984
0.28653625,0.42035928143712575,0.9385026737967914,0.5806451612903226
0.2865618,0.4196642685851319,0.9358288770053476,0.5794701986754967
0.28696558,0.4206730769230769,0.9358288770053476,0.5804311774461028
0.28718162,0.42117930204572807,0.9358288770053476,0.5809128630705394
0.28754732,0.42168674698795183,0.9358288770053476,0.5813953488372092
0.29023814,0.4221954161640531,0.9358288770053476,0.5818786367414797
0.29033166,0.4227053140096618,0.9358288770053476,0.5823627287853578
0.2910771,0.42321644498186217,0.9358288770053476,0.5828476269775187
0.29281265,0.423728813559322,0.9358288770053476,0.5833333333333334
0.29390055,0.42424242424242425,0.9358288770053476,0.5838198498748958
0.29396626,0.42475728155339804,0.9358288770053476,0.5843071786310517
0.2950413,0.425273390036452,0.9358288770053476,0.5847953216374269
0.29530823,0.4257907542579075,0.9358288770053476,0.5852842809364548
0.2954596,0.42630937880633374,0.9358288770053476,0.5857740585774058
0.2956561,0.4268292682926829,0.9358288770053476,0.5862646566164155
0.2968788,0.42735042735042733,0.9358288770053476,0.5867560771165129
0.29726568,0.4278728606356968,0.9358288770053476,0.587248322147651
0.29763246,0.4283965728274174,0.9358288770053476,0.5877413937867338
0.29816967,0.42892156862745096,0.9358288770053476,0.588235294117647
0.29832473,0.4294478527607362,0.9358288770053476,0.5887300252312868
0.29850778,0.42997542997543,0.9358288770053476,0.5892255892255892
0.29851925,0.43050430504305043,0.9358288770053476,0.5897219882055602
0.29899085,0.43103448275862066,0.9358288770053476,0.5902192242833052
0.2996022,0.4315659679408138,0.9358288770053476,0.5907172995780591
0.29999948,0.43209876543209874,0.9358288770053476,0.5912162162162162
0.30043873,0.43139678615574784,0.9331550802139037,0.5900253592561284
0.30044222,0.4319306930693069,0.9331550802139037,0.5905245346869712
0.30081344,0.43246592317224286,0.9331550802139037,0.5910245554614734
0.30138683,0.4317617866004963,0.93048128342246,0.5898305084745764
0.30249968,0.4322981366459627,0.93048128342246,0.5903307888040712
0.30300444,0.43283582089552236,0.93048128342246,0.5908319185059423
0.30319533,0.43337484433374845,0.93048128342246,0.5913338997451146
0.30436954,0.4339152119700748,0.93048128342246,0.5918367346938777
0.30461398,0.4344569288389513,0.93048128342246,0.5923404255319149
0.3057038,0.435,0.93048128342246,0.5928449744463373
0.30646285,0.43429286608260326,0.9278074866310161,0.5916453537936914
0.30697024,0.43358395989974935,0.9251336898395722,0.590443686006826
0.30734816,0.4341279799247177,0.9251336898395722,0.5909479077711358
0.30742615,0.43467336683417085,0.9251336898395722,0.5914529914529915
0.30769202,0.43522012578616354,0.9251336898395722,0.5919589392643285
0.3077156,0.4357682619647355,0.9251336898395722,0.5924657534246576
0.3082387,0.43631778058007564,0.9251336898395722,0.5929734361610969
0.3115758,0.43686868686868685,0.9251336898395722,0.5934819897084048
0.31195772,0.43742098609355246,0.9251336898395722,0.5939914163090129
0.31361318,0.4379746835443038,0.9251336898395722,0.5945017182130584
0.31397155,0.4372623574144487,0.9224598930481284,0.5932932072227
0.31455344,0.43781725888324874,0.9224598930481284,0.5938037865748709
0.3153362,0.4383735705209657,0.9224598930481284,0.5943152454780362
0.31601563,0.4389312977099237,0.9224598930481284,0.5948275862068966
0.3166323,0.4394904458598726,0.9224598930481284,0.5953408110440035
0.3171561,0.44005102040816324,0.9224598930481284,0.5958549222797928
0.32326782,0.4393358876117497,0.9197860962566845,0.5946413137424372
0.32439104,0.4398976982097187,0.9197860962566845,0.5951557093425605
0.324601,0.44046094750320103,0.9197860962566845,0.5956709956709957
0.32517812,0.441025641025641,0.9197860962566845,0.5961871750433276
0.32531694,0.44030808729139925,0.9171122994652406,0.5949696444058976
0.32566023,0.44087403598971725,0.9171122994652406,0.595486111111111
0.32675153,0.44144144144144143,0.9171122994652406,0.5960034752389227
0.32703027,0.4420103092783505,0.9171122994652406,0.5965217391304347
0.32801422,0.4425806451612903,0.9171122994652406,0.5970409051348999
0.32816613,0.44315245478036175,0.9171122994652406,0.5975609756097561
0.32817876,0.4424320827943079,0.9144385026737968,0.5963382737576286
0.32949844,0.4417098445595855,0.9117647058823529,0.5951134380453752
0.3299443,0.44228274967574577,0.9117647058823529,0.5956331877729256
0.3300685,0.44285714285714284,0.9117647058823529,0.596153846153846
0.33134246,0.4434330299089727,0.9117647058823529,0.5966754155730534
0.33152556,0.4440104166666667,0.9117647058823529,0.5971978984238179
0.33161882,0.4445893089960887,0.9117647058823529,0.5977212971078001
0.33191952,0.4451697127937337,0.9117647058823529,0.5982456140350877
0.332055,0.44575163398692813,0.9117647058823529,0.5987708516242318
0.33211508,0.4463350785340314,0.9117647058823529,0.5992970123022847
0.3323116,0.44692005242463956,0.9117647058823529,0.5998240985048372
0.33242765,0.4461942257217848,0.9090909090909091,0.5985915492957747
0.33374712,0.4467805519053876,0.9090909090909091,0.5991189427312775
0.33453348,0.4473684210526316,0.9090909090909091,0.5996472663139331
0.33610645,0.4479578392621871,0.9090909090909091,0.6001765225066196
0.33670595,0.44854881266490765,0.9090909090909091,0.6007067137809188
0.33851612,0.44914134742404227,0.9090909090909091,0.601237842617153
0.3388233,0.4497354497354497,0.9090909090909091,0.6017699115044247
0.33989602,0.44900662251655626,0.9064171122994652,0.6005314437555359
0.3402754,0.4496021220159151,0.9064171122994652,0.6010638297872339
0.34118408,0.450199203187251,0.9064171122994652,0.6015971606033718
0.3413684,0.4507978723404255,0.9064171122994652,0.6021314387211367
0.3433638,0.45139813581890814,0.9064171122994652,0.6026666666666666
0.34355098,0.452,0.9064171122994652,0.603202846975089
0.34469035,0.45260347129506007,0.9064171122994652,0.6037399821905609
0.34541306,0.4532085561497326,0.9064171122994652,0.6042780748663101
0.34581453,0.4538152610441767,0.9064171122994652,0.6048171275646743
0.34716526,0.45308310991957107,0.9037433155080213,0.6035714285714286
0.34800515,0.45369127516778524,0.9037433155080213,0.6041108132260947
0.34862408,0.4543010752688172,0.9037433155080213,0.6046511627906976
0.3502155,0.4549125168236878,0.9037433155080213,0.6051924798567592
0.35220462,0.4555256064690027,0.9037433155080213,0.6057347670250897
0.35248816,0.45479082321187586,0.9010695187165776,0.6044843049327355
0.35327178,0.4554054054054054,0.9010695187165776,0.6050269299820468
0.35363317,0.456021650879567,0.9010695187165776,0.605570530098832
0.3539477,0.45663956639566394,0.9010695187165776,0.6061151079136691
0.3545621,0.4559023066485753,0.8983957219251337,0.6048604860486049
0.35473406,0.45516304347826086,0.8957219251336899,0.6036036036036035
0.35514787,0.4557823129251701,0.8957219251336899,0.6041478809738503
0.3553214,0.4564032697547684,0.8957219251336899,0.6046931407942239
0.35839552,0.45702592087312416,0.8957219251336899,0.6052393857271906
0.36102277,0.4576502732240437,0.8957219251336899,0.6057866184448463
0.36166674,0.4575342465753425,0.893048128342246,0.605072463768116
0.36195707,0.45816186556927296,0.893048128342246,0.6056210335448776
0.3620608,0.45879120879120877,0.893048128342246,0.6061705989110708
0.3631956,0.4580467675378267,0.8903743315508021,0.6049046321525885
0.36345094,0.4579310344827586,0.8877005347593583,0.6041856232939035
0.3640559,0.457182320441989,0.8850267379679144,0.6029143897996357
0.3643208,0.45643153526970953,0.8823529411764706,0.6016408386508659
0.3656939,0.45706371191135736,0.8823529411764706,0.6021897810218978
0.36698076,0.4576976421636616,0.8823529411764706,0.6027397260273973
0.36710373,0.45694444444444443,0.8796791443850267,0.6014625228519196
0.36724368,0.4575799721835883,0.8796791443850267,0.6020128087831655
0.36724606,0.4582172701949861,0.8796791443850267,0.6025641025641026
0.36847243,0.45885634588563456,0.8796791443850267,0.6031164069660861
0.3686037,0.4581005586592179,0.8770053475935828,0.6018348623853211
0.36934453,0.45874125874125876,0.8770053475935828,0.6023875114784206
0.36975467,0.4579831932773109,0.8743315508021391,0.6011029411764706
0.37042534,0.4586255259467041,0.8743315508021391,0.6016559337626495
0.3718311,0.4592696629213483,0.8743315508021391,0.6022099447513812
0.374356,0.459915611814346,0.8743315508021391,0.6027649769585253
0.3743579,0.46056338028169014,0.8743315508021391,0.6033210332103321
0.37482098,0.461212976022567,0.8743315508021391,0.6038781163434903
0.37537217,0.461864406779661,0.8743315508021391,0.6044362292051756
0.37555444,0.4625176803394625,0.8743315508021391,0.6049953746530989
0.37692088,0.4631728045325779,0.8743315508021391,0.6055555555555555
0.3777353,0.4624113475177305,0.8716577540106952,0.6042632066728453
0.3781104,0.4630681818181818,0.8716577540106952,0.6048237476808905
0.3810898,0.46372688477951635,0.8716577540106952,0.6053853296193129
0.38214645,0.46438746438746437,0.8716577540106952,0.6059479553903345
0.38316938,0.46504992867332384,0.8716577540106952,0.6065116279069768
0.38340685,0.4657142857142857,0.8716577540106952,0.6070763500931099
0.3840159,0.4663805436337625,0.8716577540106952,0.6076421248835042
0.3845809,0.4670487106017192,0.8716577540106952,0.6082089552238806
0.38520497,0.46771879483500717,0.8716577540106952,0.6087768440709618
0.38641652,0.46839080459770116,0.8716577540106952,0.6093457943925233
0.38654357,0.46906474820143884,0.8716577540106952,0.6099158091674463
0.38731474,0.46829971181556196,0.8689839572192514,0.6086142322097379
0.38956988,0.4675324675324675,0.8663101604278075,0.6073102155576382
0.39122006,0.4682080924855491,0.8663101604278075,0.6078799249530957
0.39131656,0.46888567293777134,0.8663101604278075,0.6084507042253521
0.39312413,0.46956521739130436,0.8663101604278075,0.6090225563909775
0.39317313,0.4702467343976778,0.8663101604278075,0.6095954844778928
0.39352688,0.4694767441860465,0.8636363636363636,0.608286252354049
0.3944775,0.46870451237263466,0.8609625668449198,0.6069745523091423
0.39458954,0.46938775510204084,0.8609625668449198,0.6075471698113207
0.39463097,0.47007299270072994,0.8609625668449198,0.6081208687440982
0.39487475,0.47076023391812866,0.8609625668449198,0.6086956521739131
0.39491585,0.47144948755490484,0.8609625668449198,0.609271523178808
0.3951241,0.47214076246334313,0.8609625668449198,0.609848484848485
0.39514914,0.47283406754772395,0.8609625668449198,0.6104265402843603
0.39682725,0.47352941176470587,0.8609625668449198,0.6110056925996205
0.39732343,0.4742268041237113,0.8609625668449198,0.6115859449192782
0.39774653,0.4749262536873156,0.8609625668449198,0.6121673003802282
0.39864004,0.4741506646971935,0.8582887700534759,0.6108468125594672
0.39951232,0.47485207100591714,0.8582887700534759,0.6114285714285714
0.39963046,0.4740740740740741,0.8556149732620321,0.6101048617731172
0.39973718,0.4732937685459941,0.8529411764705882,0.6087786259541985
0.39982796,0.4739970282317979,0.8529411764705882,0.609360076408787
0.3998358,0.4732142857142857,0.8502673796791443,0.6080305927342257
0.40006754,0.47391952309985097,0.8502673796791443,0.6086124401913876
0.40035576,0.4746268656716418,0.8502673796791443,0.6091954022988506
0.4003837,0.47533632286995514,0.8502673796791443,0.6097794822627037
0.40151653,0.4745508982035928,0.8475935828877005,0.6084452975047985
0.4022037,0.4752623688155922,0.8475935828877005,0.6090297790585975
0.40286976,0.47597597597597596,0.8475935828877005,0.6096153846153846
0.40482247,0.4766917293233083,0.8475935828877005,0.6102021174205967
0.40497506,0.47740963855421686,0.8475935828877005,0.6107899807321773
0.40635765,0.4766214177978884,0.8449197860962567,0.609450337512054
0.40657735,0.4773413897280967,0.8449197860962567,0.6100386100386102
0.4067106,0.47806354009077157,0.8449197860962567,0.6106280193236715
0.4073212,0.47878787878787876,0.8449197860962567,0.6112185686653772
0.41025883,0.4795144157814871,0.8449197860962567,0.6118102613746369
0.4107514,0.48024316109422494,0.8449197860962567,0.6124031007751938
0.41124156,0.4809741248097412,0.8449197860962567,0.6129970902036858
0.41142046,0.4817073170731707,0.8449197860962567,0.6135922330097088
0.41146526,0.48244274809160304,0.8449197860962567,0.6141885325558796
0.41166353,0.4831804281345566,0.8449197860962567,0.6147859922178989
0.41216955,0.48238897396630936,0.8422459893048129,0.6134371957156767
0.41254625,0.4831288343558282,0.8422459893048129,0.6140350877192983
0.41323847,0.4823348694316436,0.839572192513369,0.6126829268292683
0.41640183,0.48307692307692307,0.839572192513369,0.6132812499999999
0.41829214,0.48382126348228044,0.839572192513369,0.613880742913001
0.41978097,0.4845679012345679,0.839572192513369,0.614481409001957
0.42295164,0.4853168469860896,0.839572192513369,0.6150832517140059
0.42358485,0.48606811145510836,0.839572192513369,0.615686274509804
0.42381108,0.4868217054263566,0.839572192513369,0.6162904808635918
0.42508116,0.48757763975155277,0.839572192513369,0.6168958742632613
0.42713907,0.48833592534992226,0.839572192513369,0.6175024582104228
0.42729938,0.48753894080996885,0.8368983957219251,0.6161417322834646
0.4273199,0.48829953198127923,0.8368983957219251,0.6167487684729064
0.4275872,0.4890625,0.8368983957219251,0.6173570019723866
0.4283174,0.48982785602503914,0.8368983957219251,0.6179664363277394
0.42882076,0.49059561128526646,0.8368983957219251,0.6185770750988142
0.42899433,0.4913657770800628,0.8368983957219251,0.619188921859545
0.43052787,0.49056603773584906,0.8342245989304813,0.6178217821782178
0.4318561,0.49133858267716535,0.8342245989304813,0.6184340931615461
0.43234265,0.4921135646687697,0.8342245989304813,0.619047619047619
0.4331298,0.4928909952606635,0.8342245989304813,0.6196623634558093
0.43418416,0.4936708860759494,0.8342245989304813,0.6202783300198808
0.4345108,0.4928684627575277,0.8315508021390374,0.618905472636816
0.4348943,0.49206349206349204,0.8288770053475936,0.6175298804780877
0.43495056,0.492845786963434,0.8288770053475936,0.6181455633100698
0.43512073,0.49363057324840764,0.8288770053475936,0.6187624750499002
0.4358742,0.4944178628389155,0.8288770053475936,0.6193806193806194
0.4362054,0.4952076677316294,0.8288770053475936,0.6199999999999999
0.4376177,0.496,0.8288770053475936,0.6206206206206206
0.44001186,0.4967948717948718,0.8288770053475936,0.6212424849699398
0.4402197,0.49759229534510435,0.8288770053475936,0.6218655967903711
0.44073144,0.4967845659163987,0.8262032085561497,0.6204819277108433
0.44376272,0.4975845410628019,0.8262032085561497,0.6211055276381909
0.44591802,0.4967741935483871,0.8235294117647058,0.6197183098591549
0.44794366,0.4975767366720517,0.8235294117647058,0.6203423967774422
0.44894475,0.49838187702265374,0.8235294117647058,0.6209677419354839
0.4494035,0.4991896272285251,0.8235294117647058,0.6215943491422805
0.45051378,0.5,0.8235294117647058,0.6222222222222222
0.45084134,0.5008130081300813,0.8235294117647058,0.6228513650151669
0.45496923,0.501628664495114,0.8235294117647058,0.6234817813765182
0.4559168,0.5024469820554649,0.8235294117647058,0.624113475177305
0.45594305,0.5032679738562091,0.8235294117647058,0.6247464503042597
0.4561026,0.502454991816694,0.820855614973262,0.6233502538071066
0.45652357,0.5032786885245901,0.820855614973262,0.6239837398373983
0.45696706,0.5041050903119869,0.820855614973262,0.624618514750763
0.45699528,0.5049342105263158,0.820855614973262,0.625254582484725
0.46056634,0.5041186161449753,0.8181818181818182,0.6238532110091745
0.46085763,0.5033003300330033,0.8155080213903744,0.6224489795918368
0.46136,0.5041322314049587,0.8155080213903744,0.6230847803881512
0.46190447,0.5049668874172185,0.8155080213903744,0.623721881390593
0.46198004,0.5058043117744611,0.8155080213903744,0.6243602865916069
0.46409792,0.5066445182724253,0.8155080213903744,0.625
0.46630827,0.5074875207986689,0.8155080213903744,0.6256410256410256
0.466422,0.5083333333333333,0.8155080213903744,0.6262833675564682
0.4693851,0.5091819699499165,0.8155080213903744,0.6269270298047276
0.469902,0.5100334448160535,0.8155080213903744,0.6275720164609053
0.47004884,0.5108877721943048,0.8155080213903744,0.6282183316168899
0.47028443,0.511744966442953,0.8155080213903744,0.6288659793814433
0.47139913,0.5126050420168067,0.8155080213903744,0.629514963880289
0.47140342,0.5134680134680135,0.8155080213903744,0.6301652892561984
0.47417998,0.5143338954468802,0.8155080213903744,0.6308169596690796
0.47434857,0.5152027027027027,0.8155080213903744,0.6314699792960663
0.474685,0.5160744500846024,0.8155080213903744,0.6321243523316062
0.47609136,0.5169491525423728,0.8155080213903744,0.6327800829875518
0.4787883,0.5178268251273345,0.8155080213903744,0.6334371754932503
0.47939232,0.5187074829931972,0.8155080213903744,0.6340956340956341
0.4799062,0.5195911413969335,0.8155080213903744,0.6347554630593132
0.48254785,0.5187713310580204,0.8128342245989305,0.6333333333333333
0.4832369,0.5196581196581197,0.8128342245989305,0.6339937434827946
0.48396155,0.5188356164383562,0.8101604278074866,0.6325678496868476
0.48407224,0.5180102915951973,0.8074866310160428,0.6311389759665622
0.48485017,0.5189003436426117,0.8074866310160428,0.6317991631799164
0.4849339,0.5197934595524957,0.8074866310160428,0.6324607329842932
0.48833233,0.5206896551724138,0.8074866310160428,0.6331236897274634
0.49097347,0.5215889464594128,0.8074866310160428,0.633788037775446
0.49449632,0.5224913494809689,0.8074866310160428,0.6344537815126051
0.49468896,0.5233968804159446,0.8074866310160428,0.6351209253417456
0.49554017,0.5225694444444444,0.8048128342245989,0.6336842105263157
0.49650764,0.5234782608695652,0.8048128342245989,0.6343519494204425
0.49810025,0.524390243902439,0.8048128342245989,0.6350210970464136
0.49821123,0.525305410122164,0.8048128342245989,0.6356916578669483
0.49841562,0.5244755244755245,0.8021390374331551,0.6342494714587738
0.50047207,0.5253940455341506,0.8021390374331551,0.6349206349206348
0.5012176,0.5263157894736842,0.8021390374331551,0.635593220338983
0.5014747,0.5272407732864675,0.8021390374331551,0.6362672322375398
0.5021267,0.528169014084507,0.8021390374331551,0.6369426751592356
0.50259674,0.5291005291005291,0.8021390374331551,0.6376195536663125
0.5027006,0.5282685512367491,0.7994652406417112,0.6361702127659574
0.504353,0.5292035398230088,0.7994652406417112,0.6368477103301385
0.50852954,0.5301418439716312,0.7994652406417112,0.6375266524520257
0.50901985,0.5310834813499112,0.7994652406417112,0.6382070437566704
0.512706,0.5320284697508897,0.7994652406417112,0.638888888888889
0.5130963,0.5311942959001783,0.7967914438502673,0.6374331550802139
0.5136874,0.5321428571428571,0.7967914438502673,0.6381156316916488
0.51397264,0.5313059033989267,0.7941176470588235,0.6366559485530546
0.5155718,0.532258064516129,0.7941176470588235,0.6373390557939914
0.51576316,0.5314183123877917,0.7914438502673797,0.635875402792696
0.51577437,0.5323741007194245,0.7914438502673797,0.6365591397849463
0.5176263,0.5333333333333333,0.7914438502673797,0.6372443487621099
0.51775044,0.5342960288808665,0.7914438502673797,0.6379310344827587
0.5186893,0.5334538878842676,0.7887700534759359,0.6364617044228694
0.5212243,0.532608695652174,0.786096256684492,0.634989200863931
0.52207357,0.5335753176043557,0.786096256684492,0.6356756756756757
0.522888,0.5327272727272727,0.7834224598930482,0.6341991341991342
0.5244837,0.5336976320582878,0.7834224598930482,0.6348862405200434
0.52485925,0.5328467153284672,0.7807486631016043,0.6334056399132321
0.52927977,0.5338208409506399,0.7807486631016043,0.6340933767643866
0.531211,0.5347985347985348,0.7807486631016043,0.6347826086956522
0.53151083,0.5357798165137615,0.7807486631016043,0.6354733405875952
0.5336991,0.5349264705882353,0.7780748663101604,0.6339869281045751
0.534162,0.5340699815837937,0.7754010695187166,0.6324972737186477
0.5347837,0.533210332103321,0.7727272727272727,0.631004366812227
0.5352947,0.5341959334565619,0.7727272727272727,0.6316939890710381
0.5357346,0.5351851851851852,0.7727272727272727,0.6323851203501094
0.53593767,0.536178107606679,0.7727272727272727,0.6330777656078861
0.53654426,0.5353159851301115,0.7700534759358288,0.631578947368421
0.5382516,0.5344506517690876,0.767379679144385,0.6300768386388585
0.5390069,0.5354477611940298,0.767379679144385,0.6307692307692307
0.54035294,0.5364485981308411,0.767379679144385,0.6314631463146314
0.54100794,0.5374531835205992,0.767379679144385,0.6321585903083701
0.54114515,0.5384615384615384,0.767379679144385,0.6328555678059535
0.54121387,0.5394736842105263,0.767379679144385,0.6335540838852097
0.54180026,0.5386064030131826,0.7647058823529411,0.6320441988950276
0.5422003,0.5377358490566038,0.7620320855614974,0.6305309734513274
0.54239357,0.5387523629489603,0.7620320855614974,0.6312292358803987
0.542944,0.5378787878787878,0.7593582887700535,0.6297117516629711
0.5430661,0.538899430740038,0.7593582887700535,0.630410654827969
0.5432672,0.5399239543726235,0.7593582887700535,0.6311111111111112
0.54371244,0.540952380952381,0.7593582887700535,0.631813125695217
0.54438454,0.5419847328244275,0.7593582887700535,0.6325167037861915
0.5449163,0.5430210325047801,0.7593582887700535,0.633221850613155
0.5474804,0.5421455938697318,0.7566844919786097,0.6316964285714286
0.548657,0.5431861804222649,0.7566844919786097,0.6324022346368716
0.5502481,0.5442307692307692,0.7566844919786097,0.6331096196868009
0.5515472,0.5452793834296724,0.7566844919786097,0.6338185890257558
0.55207145,0.5463320463320464,0.7566844919786097,0.6345291479820628
0.5521005,0.5475728155339806,0.7540106951871658,0.6344206974128235
0.55380577,0.546692607003891,0.7513368983957219,0.6328828828828829
0.5546234,0.5477582846003899,0.7513368983957219,0.633596392333709
0.55517226,0.546875,0.7486631016042781,0.6320541760722348
0.5606567,0.547945205479452,0.7486631016042781,0.632768361581921
0.5609763,0.5490196078431373,0.7486631016042781,0.6334841628959276
0.56128424,0.550098231827112,0.7486631016042781,0.6342015855039638
0.5647003,0.5522682445759369,0.7486631016042781,0.6356413166855847
0.565194,0.5513833992094862,0.7459893048128342,0.6340909090909091
0.56548333,0.5506958250497018,0.7406417112299465,0.6316989737742303
0.5655097,0.5517928286852589,0.7406417112299465,0.6324200913242009
0.56589425,0.5528942115768463,0.7406417112299465,0.6331428571428571
0.56653446,0.554,0.7406417112299465,0.6338672768878719
0.5673327,0.5531062124248497,0.7379679144385026,0.6323024054982818
0.5675763,0.5542168674698795,0.7379679144385026,0.6330275229357797
0.567632,0.5533199195171026,0.7352941176470589,0.6314580941446613
0.56923294,0.5544354838709677,0.7352941176470589,0.632183908045977
0.56978446,0.5555555555555556,0.7352941176470589,0.6329113924050633
0.5707221,0.5546558704453441,0.732620320855615,0.631336405529954
0.5715748,0.5557809330628803,0.732620320855615,0.6320645905420992
0.5721898,0.556910569105691,0.732620320855615,0.6327944572748267
0.57303476,0.5580448065173116,0.732620320855615,0.6335260115606937
0.57350135,0.5571428571428572,0.7299465240641712,0.6319444444444445
0.5741651,0.558282208588957,0.7299465240641712,0.6326767091541137
0.5751504,0.5573770491803278,0.7272727272727273,0.6310904872389791
0.5757506,0.5585215605749486,0.7272727272727273,0.6318234610917537
0.5758325,0.5596707818930041,0.7272727272727273,0.6325581395348838
0.5760693,0.5587628865979382,0.7245989304812834,0.6309662398137369
0.57646745,0.5578512396694215,0.7219251336898396,0.6293706293706294
0.57698077,0.5590062111801242,0.7219251336898396,0.6301050175029171
0.5773829,0.5601659751037344,0.7219251336898396,0.6308411214953271
0.5784325,0.5613305613305614,0.7219251336898396,0.6315789473684211
0.57862455,0.5625,0.7219251336898396,0.6323185011709601
0.5787976,0.5636743215031316,0.7219251336898396,0.6330597889800703
0.5792708,0.5627615062761506,0.7192513368983957,0.6314553990610329
0.58079064,0.5639412997903563,0.7192513368983957,0.6321974148061105
0.5831068,0.5651260504201681,0.7192513368983957,0.6329411764705882
0.5831763,0.5642105263157895,0.7165775401069518,0.6313309776207303
0.58387744,0.5654008438818565,0.7165775401069518,0.6320754716981132
0.58775765,0.5677966101694916,0.7165775401069518,0.6335697399527187
0.5880966,0.5690021231422505,0.7165775401069518,0.6343195266272188
0.5881904,0.5702127659574469,0.7165775401069518,0.6350710900473935
0.5889477,0.5714285714285714,0.7165775401069518,0.6358244365361803
0.5898523,0.5705128205128205,0.713903743315508,0.6342042755344418
0.58999515,0.5717344753747323,0.713903743315508,0.6349583828775268
0.5906918,0.572961373390558,0.713903743315508,0.6357142857142858
0.59107995,0.5720430107526882,0.7112299465240641,0.634088200238379
0.5911226,0.5732758620689655,0.7112299465240641,0.6348448687350835
0.59196204,0.5745140388768899,0.7112299465240641,0.6356033452807647
0.5920538,0.5757575757575758,0.7112299465240641,0.6363636363636364
0.5924388,0.5770065075921909,0.7112299465240641,0.637125748502994
0.5947893,0.5782608695652174,0.7112299465240641,0.6378896882494004
0.59529465,0.579520697167756,0.7112299465240641,0.6386554621848739
0.5957732,0.5807860262008734,0.7112299465240641,0.6394230769230769
0.5959872,0.5798687089715536,0.7085561497326203,0.6377858002406738
0.596374,0.5789473684210527,0.7058823529411765,0.636144578313253
0.59791136,0.578021978021978,0.7032085561497327,0.6344993968636912
0.5986005,0.5770925110132159,0.7005347593582888,0.6328502415458938
0.599405,0.5761589403973509,0.6978609625668449,0.6311970979443772
0.60042304,0.5752212389380531,0.6951871657754011,0.62953995157385
0.60063666,0.5742793791574279,0.6925133689839572,0.6278787878787879
0.6018269,0.5755555555555556,0.6925133689839572,0.6286407766990291
0.6028179,0.5746102449888641,0.6898395721925134,0.6269744835965978
0.6032304,0.5758928571428571,0.6898395721925134,0.6277372262773723
0.6037372,0.5749440715883669,0.6871657754010695,0.6260657734470159
0.6042876,0.5762331838565022,0.6871657754010695,0.626829268292683
0.6044523,0.5752808988764045,0.6844919786096256,0.6251526251526252
0.60464025,0.5743243243243243,0.6818181818181818,0.6234718826405867
0.6054496,0.5756207674943566,0.6818181818181818,0.624235006119951
0.6055041,0.5746606334841629,0.679144385026738,0.6225490196078431
0.60663193,0.5759637188208617,0.679144385026738,0.6233128834355829
0.6069927,0.5772727272727273,0.679144385026738,0.6240786240786242
0.607397,0.5763097949886105,0.6764705882352942,0.6223862238622386
0.6081035,0.5776255707762558,0.6764705882352942,0.623152709359606
0.60812205,0.5766590389016019,0.6737967914438503,0.621454993834772
0.6082003,0.5756880733944955,0.6711229946524064,0.619753086419753
0.6083888,0.5770114942528736,0.6711229946524064,0.6205191594561187
0.6101808,0.576036866359447,0.6684491978609626,0.6188118811881188
0.61122704,0.5773672055427251,0.6684491978609626,0.6195786864931846
0.6114246,0.5763888888888888,0.6657754010695187,0.6178660049627791
0.6116723,0.5754060324825986,0.6631016042780749,0.6161490683229814
0.6124425,0.5767441860465117,0.6631016042780749,0.6169154228855721
0.61301833,0.578088578088578,0.6631016042780749,0.6176836861768368
0.6132468,0.5794392523364486,0.6631016042780749,0.6184538653366584
0.61495703,0.5784543325526932,0.660427807486631,0.616729088639201
0.6150864,0.5774647887323944,0.6577540106951871,0.615
0.61550635,0.5764705882352941,0.6550802139037433,0.6132665832290363
0.6159474,0.5778301886792453,0.6550802139037433,0.6140350877192982
0.61697793,0.5768321513002365,0.6524064171122995,0.6122961104140527
0.61767614,0.5781990521327014,0.6524064171122995,0.6130653266331659
0.6178653,0.5795724465558195,0.6524064171122995,0.6138364779874214
0.6185987,0.5785714285714286,0.6497326203208557,0.6120906801007557
0.61928296,0.5775656324582339,0.6470588235294118,0.6103404791929382
0.6202692,0.5789473684210527,0.6470588235294118,0.6111111111111113
0.6205706,0.580335731414868,0.6470588235294118,0.6118836915297092
0.6218371,0.5817307692307693,0.6470588235294118,0.6126582278481013
0.6252525,0.5807228915662651,0.6443850267379679,0.6108998732572878
0.62721163,0.5821256038647343,0.6443850267379679,0.6116751269035533
0.6279119,0.5835351089588378,0.6443850267379679,0.6124523506988565
0.6289238,0.5825242718446602,0.6417112299465241,0.6106870229007633
0.62954915,0.5829268292682926,0.6390374331550802,0.6096938775510204
0.62957424,0.5843520782396088,0.6390374331550802,0.6104725415070243
0.6298165,0.5833333333333334,0.6363636363636364,0.6086956521739131
0.63072366,0.5847665847665847,0.6363636363636364,0.6094750320102432
0.6309536,0.5862068965517241,0.6363636363636364,0.6102564102564102
0.6310039,0.5876543209876544,0.6363636363636364,0.6110397946084725
0.63176686,0.5866336633663366,0.6336898395721925,0.6092544987146529
0.6329311,0.5880893300248139,0.6336898395721925,0.61003861003861
0.63293254,0.5895522388059702,0.6336898395721925,0.6108247422680413
0.63308567,0.5910224438902744,0.6336898395721925,0.6116129032258064
0.63342315,0.59,0.6310160427807486,0.6098191214470284
0.6352667,0.5914786967418546,0.6310160427807486,0.6106080206985769
0.63571656,0.592964824120603,0.6310160427807486,0.6113989637305699
0.6359281,0.5919395465994962,0.6283422459893048,0.609597924773022
0.63647425,0.5934343434343434,0.6283422459893048,0.6103896103896103
0.63688284,0.5949367088607594,0.6283422459893048,0.6111833550065019
0.63897264,0.5939086294416244,0.6256684491978609,0.609375
0.64001924,0.5928753180661578,0.6229946524064172,0.607561929595828
0.64031476,0.5943877551020408,0.6229946524064172,0.608355091383812
0.6407375,0.5933503836317136,0.6203208556149733,0.6065359477124183
0.6440941,0.5948717948717949,0.6203208556149733,0.6073298429319373
0.64533067,0.596401028277635,0.6203208556149733,0.6081258191349935
0.6459018,0.5979381443298969,0.6203208556149733,0.6089238845144358
0.6459117,0.599483204134367,0.6203208556149733,0.6097240473061761
0.6467026,0.6010362694300518,0.6203208556149733,0.6105263157894737
0.64845735,0.6,0.6176470588235294,0.608695652173913
0.6499447,0.6015625,0.6176470588235294,0.6094986807387863
0.65063536,0.6031331592689295,0.6176470588235294,0.6103038309114928
0.65125626,0.6047120418848168,0.6176470588235294,0.6111111111111112
0.6517981,0.6036745406824147,0.6149732620320856,0.609271523178808
0.6519254,0.6052631578947368,0.6149732620320856,0.6100795755968169
0.65317196,0.604221635883905,0.6122994652406417,0.6082337317397079
0.65358514,0.6031746031746031,0.6096256684491979,0.6063829787234043
0.6549685,0.6047745358090185,0.6096256684491979,0.6071904127829559
0.6573559,0.6063829787234043,0.6096256684491979,0.608
0.6581732,0.6053333333333333,0.606951871657754,0.6061415220293724
0.6584268,0.606951871657754,0.606951871657754,0.606951871657754
0.6589138,0.6058981233243967,0.6042780748663101,0.6050870147255689
0.65925926,0.6075268817204301,0.6042780748663101,0.6058981233243967
0.6607634,0.6091644204851752,0.6042780748663101,0.6067114093959731
0.6608047,0.6081081081081081,0.6016042780748663,0.6048387096774194
0.6615158,0.6097560975609756,0.6016042780748663,0.6056527590847913
0.6627589,0.6114130434782609,0.6016042780748663,0.6064690026954178
0.6629161,0.6103542234332425,0.5989304812834224,0.6045883940620783
0.66633624,0.6092896174863388,0.5962566844919787,0.6027027027027028
0.66881955,0.6109589041095891,0.5962566844919787,0.6035182679296347
0.66971344,0.6126373626373627,0.5962566844919787,0.6043360433604337
0.66982913,0.6143250688705234,0.5962566844919787,0.6051560379918589
0.67015105,0.6160220994475138,0.5962566844919787,0.6059782608695653
0.67214334,0.6149584487534626,0.5935828877005348,0.6040816326530613
0.675246,0.6138888888888889,0.5909090909090909,0.6021798365122616
0.6761086,0.6155988857938719,0.5909090909090909,0.6030013642564802
0.6767447,0.6145251396648045,0.5882352941176471,0.6010928961748634
0.6768626,0.6162464985994398,0.5882352941176471,0.6019151846785226
0.67704463,0.6179775280898876,0.5882352941176471,0.6027397260273971
0.67752546,0.6197183098591549,0.5882352941176471,0.6035665294924554
0.67831886,0.6214689265536724,0.5882352941176471,0.6043956043956045
0.678756,0.623229461756374,0.5882352941176471,0.6052269601100413
0.6812509,0.6221590909090909,0.5855614973262032,0.6033057851239669
0.6813248,0.6239316239316239,0.5855614973262032,0.6041379310344829
0.682194,0.6257142857142857,0.5855614973262032,0.6049723756906077
0.6827455,0.6275071633237822,0.5855614973262032,0.6058091286307054
0.68409777,0.6293103448275862,0.5855614973262032,0.6066481994459835
0.6848962,0.6311239193083573,0.5855614973262032,0.6074895977808599
0.6858311,0.630057803468208,0.5828877005347594,0.6055555555555555
0.6868695,0.6289855072463768,0.5802139037433155,0.603616133518776
0.6873486,0.6308139534883721,0.5802139037433155,0.6044568245125348
0.6879271,0.6326530612244898,0.5802139037433155,0.6052998605299861
0.6890405,0.631578947368421,0.5775401069518716,0.6033519553072626
0.6892752,0.6304985337243402,0.5748663101604278,0.6013986013986014
0.6894068,0.6294117647058823,0.5721925133689839,0.599439775910364
0.6906277,0.6312684365781711,0.5721925133689839,0.6002805049088359
0.69067925,0.6331360946745562,0.5721925133689839,0.601123595505618
0.6924755,0.6320474777448071,0.56951871657754,0.5991561181434598
0.69365287,0.6339285714285714,0.56951871657754,0.6
0.6937727,0.6358208955223881,0.56951871657754,0.6008462623413259
0.69379526,0.6377245508982036,0.56951871657754,0.6016949152542372
0.6939908,0.6366366366366366,0.5668449197860963,0.5997171145685998
0.69544,0.6385542168674698,0.5668449197860963,0.6005665722379603
0.69563407,0.6404833836858006,0.5668449197860963,0.601418439716312
0.6964875,0.6393939393939394,0.5641711229946524,0.5994318181818182
0.6965127,0.6413373860182371,0.5641711229946524,0.6002844950213371
0.6968637,0.6432926829268293,0.5641711229946524,0.6011396011396012
0.69844383,0.6452599388379205,0.5641711229946524,0.601997146932953
0.6994995,0.6461538461538462,0.5614973262032086,0.6008583690987125
0.7005234,0.6450617283950617,0.5588235294117647,0.5988538681948423
0.70154226,0.6470588235294118,0.5588235294117647,0.599713055954089
0.7017382,0.6490683229813664,0.5588235294117647,0.6005747126436781
0.70216954,0.6479750778816199,0.5561497326203209,0.5985611510791365
0.7033916,0.646875,0.553475935828877,0.5965417867435159
0.7038481,0.6489028213166145,0.553475935828877,0.5974025974025974
0.70405924,0.6509433962264151,0.553475935828877,0.5982658959537572
0.7077049,0.6529968454258676,0.553475935828877,0.5991316931982633
0.7090044,0.6518987341772152,0.5508021390374331,0.5971014492753624
0.70952874,0.653968253968254,0.5508021390374331,0.597968069666183
0.70955724,0.6560509554140127,0.5508021390374331,0.5988372093023255
0.7097377,0.6549520766773163,0.5481283422459893,0.5967976710334788
0.71008575,0.657051282051282,0.5481283422459893,0.5976676384839649
0.71277416,0.6591639871382636,0.5481283422459893,0.5985401459854014
0.71332604,0.6612903225806451,0.5481283422459893,0.5994152046783625
0.7133365,0.6601941747572816,0.5454545454545454,0.5973645680819911
0.7137529,0.6623376623376623,0.5454545454545454,0.5982404692082111
0.7142123,0.6612377850162866,0.5427807486631016,0.5961820851688692
0.7145062,0.6633986928104575,0.5427807486631016,0.5970588235294116
0.7149904,0.6655737704918033,0.5427807486631016,0.597938144329897
0.7157346,0.6677631578947368,0.5427807486631016,0.59882005899705
0.71617275,0.6666666666666666,0.5401069518716578,0.5967503692762186
0.7188041,0.6688741721854304,0.5401069518716578,0.5976331360946746
0.7193136,0.6677740863787376,0.5374331550802139,0.5955555555555555
0.7203959,0.6666666666666666,0.5347593582887701,0.5934718100890207
0.72107786,0.6655518394648829,0.5320855614973262,0.5913818722139673
0.7213404,0.6677852348993288,0.5320855614973262,0.5922619047619048
0.72170514,0.6666666666666666,0.5294117647058824,0.5901639344262295
0.72470224,0.668918918918919,0.5294117647058824,0.5910447761194031
0.7251411,0.6711864406779661,0.5294117647058824,0.5919282511210762
0.72540444,0.6700680272108843,0.5267379679144385,0.5898203592814371
0.72728956,0.6723549488054608,0.5267379679144385,0.5907046476761618
0.7275141,0.6746575342465754,0.5267379679144385,0.5915915915915916
0.7275674,0.6769759450171822,0.5267379679144385,0.5924812030075188
0.72895014,0.6793103448275862,0.5267379679144385,0.5933734939759036
0.729151,0.6816608996539792,0.5267379679144385,0.5942684766214178
0.73014766,0.6805555555555556,0.5240641711229946,0.5921450151057401
0.7305571,0.6794425087108014,0.5213903743315508,0.5900151285930408
0.73139197,0.6783216783216783,0.5187165775401069,0.5878787878787879
0.73170394,0.6771929824561403,0.516042780748663,0.5857359635811835
0.7319025,0.676056338028169,0.5133689839572193,0.5835866261398177
0.7326551,0.6784452296819788,0.5133689839572193,0.5844748858447488
0.7329201,0.6773049645390071,0.5106951871657754,0.5823170731707317
0.73302037,0.6797153024911032,0.5106951871657754,0.5832061068702291
0.73302746,0.6821428571428572,0.5106951871657754,0.5840978593272171
0.73313916,0.6810035842293907,0.5080213903743316,0.5819295558958653
0.7332469,0.6834532374100719,0.5080213903743316,0.5828220858895705
0.7341788,0.6859205776173285,0.5080213903743316,0.5837173579109063
0.73577297,0.6884057971014492,0.5080213903743316,0.5846153846153846
0.73623186,0.6861313868613139,0.5026737967914439,0.5802469135802469
0.7362704,0.6886446886446886,0.5026737967914439,0.5811437403400309
0.736914,0.6875,0.5,0.5789473684210527
0.73779786,0.6863468634686347,0.49732620320855614,0.5767441860465117
0.7388757,0.6851851851851852,0.4946524064171123,0.5745341614906833
0.73900145,0.6840148698884758,0.4919786096256685,0.5723172628304821
0.7390339,0.6865671641791045,0.4919786096256685,0.5732087227414331
0.7405312,0.6891385767790262,0.4919786096256685,0.5741029641185648
0.74063796,0.6879699248120301,0.4893048128342246,0.571875
0.7407251,0.690566037735849,0.4893048128342246,0.5727699530516431
0.7425326,0.6893939393939394,0.48663101604278075,0.5705329153605017
0.74361354,0.6920152091254753,0.48663101604278075,0.5714285714285714
0.7436614,0.6908396946564885,0.4839572192513369,0.5691823899371069
0.7455061,0.6934865900383141,0.4839572192513369,0.5700787401574803
0.7458535,0.6961538461538461,0.4839572192513369,0.5709779179810726
0.74637514,0.6988416988416989,0.4839572192513369,0.5718799368088467
0.74657875,0.7015503875968992,0.4839572192513369,0.5727848101265822
0.74674225,0.7003891050583657,0.48128342245989303,0.5705229793977813
0.746992,0.69921875,0.4786096256684492,0.5682539682539683
0.747376,0.6968503937007874,0.4732620320855615,0.5636942675159236
0.7478677,0.6956521739130435,0.47058823529411764,0.5614035087719297
0.74796444,0.6944444444444444,0.4679144385026738,0.5591054313099041
0.7482354,0.6932270916334662,0.46524064171123,0.5568000000000001
0.7487647,0.696,0.46524064171123,0.5576923076923077
0.7516155,0.6947791164658634,0.4625668449197861,0.5553772070626003
0.7525717,0.6935483870967742,0.45989304812834225,0.5530546623794211
0.7532269,0.6963562753036437,0.45989304812834225,0.5539452495974236
0.7546889,0.6991869918699187,0.45989304812834225,0.5548387096774193
0.7547549,0.6979591836734694,0.4572192513368984,0.5525040387722133
0.75746036,0.7008196721311475,0.4572192513368984,0.5533980582524272
0.75746876,0.6995884773662552,0.45454545454545453,0.5510534846029174
0.7575706,0.7024793388429752,0.45454545454545453,0.551948051948052
0.75972944,0.7012448132780082,0.45187165775401067,0.5495934959349592
0.75981736,0.7,0.44919786096256686,0.5472312703583062
0.7599885,0.698744769874477,0.446524064171123,0.5448613376835237
0.7600013,0.6974789915966386,0.44385026737967914,0.5424836601307189
0.76041204,0.70042194092827,0.44385026737967914,0.5433715220949265
0.7619074,0.7033898305084746,0.44385026737967914,0.5442622950819672
0.7621865,0.7063829787234043,0.44385026737967914,0.5451559934318556
0.76332855,0.7094017094017094,0.44385026737967914,0.5460526315789473
0.7634241,0.7124463519313304,0.44385026737967914,0.5469522240527183
0.76354486,0.7155172413793104,0.44385026737967914,0.5478547854785478
0.7645589,0.7186147186147186,0.44385026737967914,0.5487603305785125
0.7646803,0.7217391304347827,0.44385026737967914,0.5496688741721855
0.7649445,0.7248908296943232,0.44385026737967914,0.550580431177446
0.7651522,0.7236842105263158,0.4411764705882353,0.5481727574750831
0.7659163,0.7224669603524229,0.4385026737967914,0.5457570715474209
0.76592594,0.7212389380530974,0.4358288770053476,0.5433333333333333
0.7661354,0.71875,0.4304812834224599,0.5384615384615384
0.7662203,0.7174887892376681,0.42780748663101603,0.5360134003350083
0.76642793,0.7162162162162162,0.42513368983957217,0.5335570469798657
0.7673959,0.7194570135746606,0.42513368983957217,0.5344537815126049
0.76760554,0.7227272727272728,0.42513368983957217,0.5353535353535354
0.76761997,0.7214611872146118,0.42245989304812837,0.5328836424957842
0.7678218,0.7201834862385321,0.4197860962566845,0.5304054054054054
0.7683948,0.7235023041474654,0.4197860962566845,0.5313028764805415
0.76842386,0.7268518518518519,0.4197860962566845,0.5322033898305085
0.77220726,0.7302325581395349,0.4197860962566845,0.533106960950764
0.772762,0.7289719626168224,0.41711229946524064,0.5306122448979591
0.77308106,0.7276995305164319,0.4144385026737968,0.5281090289608177
0.7731371,0.7264150943396226,0.4117647058823529,0.5255972696245734
0.77353656,0.7251184834123223,0.4090909090909091,0.5230769230769231
0.7745218,0.7238095238095238,0.40641711229946526,0.5205479452054794
0.7749082,0.722488038277512,0.4037433155080214,0.5180102915951973
0.7756966,0.7233009708737864,0.3983957219251337,0.5137931034482759
0.77573663,0.7219512195121951,0.39572192513368987,0.5112262521588946
0.77594197,0.7205882352941176,0.393048128342246,0.5086505190311419
0.77703685,0.7192118226600985,0.39037433155080214,0.5060658578856153
0.778189,0.7178217821782178,0.3877005347593583,0.5034722222222222
0.77862954,0.7164179104477612,0.3850267379679144,0.5008695652173912
0.78022325,0.715,0.38235294117647056,0.4982578397212544
0.78061867,0.7185929648241206,0.38235294117647056,0.4991273996509598
0.7810398,0.7222222222222222,0.38235294117647056,0.4999999999999999
0.7817621,0.7208121827411168,0.37967914438502676,0.4973730297723293
0.7819617,0.7244897959183674,0.37967914438502676,0.4982456140350878
0.7823409,0.7230769230769231,0.3770053475935829,0.4956063268892794
0.7833349,0.7216494845360825,0.37433155080213903,0.4929577464788732
0.78411,0.7202072538860104,0.3716577540106952,0.490299823633157
0.784509,0.7239583333333334,0.3716577540106952,0.49116607773851584
0.7848885,0.7225130890052356,0.3689839572192513,0.48849557522123893
0.78599155,0.7210526315789474,0.3663101604278075,0.48581560283687947
0.78681225,0.7195767195767195,0.36363636363636365,0.4831261101243339
0.78701776,0.7180851063829787,0.3609625668449198,0.48042704626334526
0.78721637,0.7219251336898396,0.3609625668449198,0.48128342245989303
0.78843665,0.7204301075268817,0.3582887700534759,0.4785714285714286
0.7900007,0.7189189189189189,0.35561497326203206,0.4758497316636851
0.7907195,0.717391304347826,0.35294117647058826,0.47311827956989255
0.79084736,0.7158469945355191,0.3502673796791444,0.47037701974865354
0.79127645,0.7197802197802198,0.3502673796791444,0.4712230215827339
0.7913004,0.7182320441988951,0.34759358288770054,0.4684684684684685
0.79410905,0.7166666666666667,0.3449197860962567,0.4657039711191336
0.7960489,0.7150837988826816,0.3422459893048128,0.4629294755877035
0.796318,0.7231638418079096,0.3422459893048128,0.46460980036297633
0.7966009,0.7215909090909091,0.339572192513369,0.46181818181818185
0.79853797,0.7257142857142858,0.339572192513369,0.4626593806921676
0.79946715,0.7241379310344828,0.33689839572192515,0.4598540145985402
0.8003092,0.7225433526011561,0.3342245989304813,0.45703839122486295
0.8006913,0.7267441860465116,0.3342245989304813,0.45787545787545786
0.8023558,0.7251461988304093,0.3315508021390374,0.455045871559633
0.80284345,0.7294117647058823,0.3315508021390374,0.4558823529411764
0.8036272,0.7337278106508875,0.3315508021390374,0.4567219152854512
0.80460584,0.7321428571428571,0.32887700534759357,0.45387453874538747
0.80640185,0.7305389221556886,0.32620320855614976,0.45101663585951945
0.8072175,0.7349397590361446,0.32620320855614976,0.45185185185185195
0.80752945,0.7333333333333333,0.3235294117647059,0.4489795918367347
0.8098609,0.7378048780487805,0.3235294117647059,0.4498141263940521
0.81029326,0.7361963190184049,0.32085561497326204,0.446927374301676
0.8105003,0.7391304347826086,0.3181818181818182,0.44485981308411215
0.81050557,0.7375,0.3155080213903743,0.4419475655430712
0.8110391,0.7358490566037735,0.31283422459893045,0.4390243902439024
0.8118768,0.7341772151898734,0.31016042780748665,0.4360902255639098
0.8119996,0.732484076433121,0.3074866310160428,0.4331450094161958
0.8123637,0.7307692307692307,0.3048128342245989,0.430188679245283
0.81295705,0.7290322580645161,0.30213903743315507,0.4272211720226842
0.81326604,0.7272727272727273,0.2994652406417112,0.42424242424242414
0.81367606,0.7320261437908496,0.2994652406417112,0.4250474383301708
0.8152734,0.7368421052631579,0.2994652406417112,0.42585551330798477
0.81572515,0.7350993377483444,0.2967914438502674,0.4228571428571429
0.81590825,0.74,0.2967914438502674,0.42366412213740456
0.8176948,0.7432432432432432,0.29411764705882354,0.42145593869731796
0.81772363,0.7482993197278912,0.29411764705882354,0.42226487523992323
0.818118,0.7534246575342466,0.29411764705882354,0.42307692307692313
0.8181404,0.7517241379310344,0.2914438502673797,0.42003853564547206
0.81853175,0.7569444444444444,0.2914438502673797,0.4208494208494208
0.8187163,0.7622377622377622,0.2914438502673797,0.42166344294003866
0.8191538,0.7605633802816901,0.2887700534759358,0.4186046511627907
0.8191749,0.7588652482269503,0.28609625668449196,0.4155339805825243
0.81988126,0.7571428571428571,0.28342245989304815,0.41245136186770426
0.8199351,0.7553956834532374,0.2807486631016043,0.40935672514619886
0.8225362,0.7608695652173914,0.2807486631016043,0.41015625
0.82402134,0.7591240875912408,0.27807486631016043,0.4070450097847358
0.825757,0.7573529411764706,0.27540106951871657,0.40392156862745093
0.8264688,0.762962962962963,0.27540106951871657,0.4047151277013752
0.82670474,0.7611940298507462,0.2727272727272727,0.40157480314960625
0.8269689,0.7593984962406015,0.2700534759358289,0.3984220907297831
0.8274204,0.7575757575757576,0.26737967914438504,0.3952569169960475
0.8288203,0.7557251908396947,0.2647058823529412,0.39207920792079215
0.82918864,0.7615384615384615,0.2647058823529412,0.3928571428571429
0.8306596,0.7596899224806202,0.2620320855614973,0.389662027833002
0.83163166,0.7637795275590551,0.25935828877005346,0.3872255489021956
0.83176965,0.7698412698412699,0.25935828877005346,0.38799999999999996
0.8319375,0.768,0.25668449197860965,0.38476953907815636
0.83293205,0.7723577235772358,0.2540106951871658,0.3822937625754527
0.83323866,0.7704918032786885,0.25133689839572193,0.3790322580645162
0.83398634,0.768595041322314,0.24866310160427807,0.3757575757575758
0.83478636,0.7666666666666667,0.24598930481283424,0.37246963562753044
0.8348544,0.7647058823529411,0.24331550802139038,0.36916835699797157
0.8350497,0.7711864406779662,0.24331550802139038,0.3699186991869919
0.8354143,0.7777777777777778,0.24331550802139038,0.37067209775967414
0.83848983,0.7844827586206896,0.24331550802139038,0.37142857142857144
0.83990824,0.782608695652174,0.24064171122994651,0.36809815950920244
0.8400276,0.7807017543859649,0.23796791443850268,0.3647540983606557
0.8408068,0.7876106194690266,0.23796791443850268,0.36550308008213556
0.84110105,0.7857142857142857,0.23529411764705882,0.36213991769547327
0.8430546,0.7837837837837838,0.232620320855615,0.35876288659793815
0.84354144,0.7818181818181819,0.22994652406417113,0.3553719008264463
0.84376585,0.7777777777777778,0.22459893048128343,0.34854771784232375
0.8456157,0.7757009345794392,0.22192513368983957,0.34511434511434513
0.8461423,0.7735849056603774,0.2192513368983957,0.3416666666666667
0.84677637,0.7714285714285715,0.21657754010695188,0.338204592901879
0.8477868,0.7692307692307693,0.21390374331550802,0.33472803347280333
0.85147595,0.7669902912621359,0.21122994652406418,0.3312368972746331
0.85178804,0.7647058823529411,0.20855614973262032,0.3277310924369748
0.8524209,0.78,0.20855614973262032,0.32911392405063294
0.8529347,0.7777777777777778,0.20588235294117646,0.3255813953488372
0.853318,0.7857142857142857,0.20588235294117646,0.32627118644067793
0.85396826,0.7938144329896907,0.20588235294117646,0.3269639065817409
0.8541822,0.8020833333333334,0.20588235294117646,0.3276595744680851
0.85424393,0.8,0.20320855614973263,0.3240938166311301
0.85496175,0.7978723404255319,0.20053475935828877,0.3205128205128205
0.8558694,0.7956989247311828,0.19786096256684493,0.3169164882226981
0.8572275,0.7934782608695652,0.19518716577540107,0.3133047210300429
0.85758305,0.7912087912087912,0.1925133689839572,0.30967741935483867
0.86025316,0.8,0.1925133689839572,0.3103448275862069
0.86305225,0.797752808988764,0.18983957219251338,0.30669546436285094
0.8632215,0.8068181818181818,0.18983957219251338,0.3073593073593074
0.8635385,0.8045977011494253,0.18716577540106952,0.3036876355748373
0.86535716,0.813953488372093,0.18716577540106952,0.30434782608695654
0.8654969,0.8117647058823529,0.18449197860962566,0.3006535947712418
0.8658221,0.8095238095238095,0.18181818181818182,0.29694323144104806
0.86625135,0.8072289156626506,0.17914438502673796,0.2932166301969365
0.86673856,0.8048780487804879,0.17647058823529413,0.2894736842105263
0.8669122,0.825,0.17647058823529413,0.29074889867841414
0.86796004,0.8227848101265823,0.17379679144385027,0.28697571743929357
0.86868745,0.8205128205128205,0.1711229946524064,0.2831858407079646
0.868974,0.8181818181818182,0.16844919786096257,0.27937915742793795
0.8694578,0.8289473684210527,0.16844919786096257,0.28
0.87079656,0.8266666666666667,0.1657754010695187,0.27616926503340755
0.8752801,0.8243243243243243,0.16310160427807488,0.27232142857142855
0.87560505,0.821917808219178,0.16042780748663102,0.2684563758389262
0.8757909,0.8309859154929577,0.15775401069518716,0.26516853932584267
0.87615955,0.8285714285714286,0.15508021390374332,0.26126126126126126
0.8765941,0.8260869565217391,0.15240641711229946,0.2573363431151241
0.87677145,0.8235294117647058,0.1497326203208556,0.25339366515837103
0.8770848,0.8208955223880597,0.14705882352941177,0.24943310657596374
0.8810855,0.8181818181818182,0.1443850267379679,0.24545454545454545
0.88261616,0.8153846153846154,0.14171122994652408,0.24145785876993167
0.8828166,0.828125,0.14171122994652408,0.24200913242009134
0.88363427,0.8412698412698413,0.14171122994652408,0.24256292906178492
0.88514465,0.8387096774193549,0.13903743315508021,0.23853211009174313
0.88530403,0.8360655737704918,0.13636363636363635,0.23448275862068965
0.8882238,0.8333333333333334,0.13368983957219252,0.23041474654377883
0.88914716,0.8305084745762712,0.13101604278074866,0.22632794457274827
0.8916567,0.8275862068965517,0.12834224598930483,0.22222222222222224
0.89176625,0.8245614035087719,0.12566844919786097,0.21809744779582368
0.8918956,0.8214285714285714,0.12299465240641712,0.21395348837209302
0.891902,0.8181818181818182,0.12032085561497326,0.20979020979020976
0.8920406,0.8148148148148148,0.11764705882352941,0.205607476635514
0.8926426,0.8076923076923077,0.11229946524064172,0.1971830985915493
0.89339846,0.803921568627451,0.10962566844919786,0.19294117647058823
0.89596426,0.8,0.10695187165775401,0.18867924528301888
0.89697844,0.7872340425531915,0.09893048128342247,0.17577197149643703
0.897852,0.782608695652174,0.0962566844919786,0.1714285714285714
0.8982386,0.7777777777777778,0.09358288770053476,0.16706443914081145
0.89882195,0.7727272727272727,0.09090909090909091,0.1626794258373206
0.8990468,0.7906976744186046,0.09090909090909091,0.16306954436450838
0.89937866,0.7857142857142857,0.08823529411764706,0.15865384615384617
0.899399,0.7804878048780488,0.0855614973262032,0.1542168674698795
0.8998305,0.775,0.08288770053475936,0.1497584541062802
0.90079653,0.7692307692307693,0.08021390374331551,0.14527845036319614
0.9016147,0.7777777777777778,0.0748663101604278,0.13658536585365852
0.90168965,0.7714285714285715,0.07219251336898395,0.13202933985330073
0.9022199,0.7647058823529411,0.06951871657754011,0.12745098039215685
0.9023782,0.7575757575757576,0.06684491978609626,0.12285012285012285
0.90281874,0.8064516129032258,0.06684491978609626,0.1234567901234568
0.90338343,0.8333333333333334,0.06684491978609626,0.12376237623762376
0.90341794,0.8275862068965517,0.06417112299465241,0.11910669975186104
0.9052119,0.8571428571428571,0.06417112299465241,0.11940298507462686
0.9055127,0.8518518518518519,0.06149732620320856,0.11471321695760599
0.9056011,0.84,0.05614973262032086,0.10526315789473685
0.9067193,0.8333333333333334,0.053475935828877004,0.10050251256281406
0.90682137,0.8695652173913043,0.053475935828877004,0.10075566750629723
0.9072729,0.8636363636363636,0.05080213903743316,0.09595959595959597
0.90977275,0.8571428571428571,0.0481283422459893,0.09113924050632911
0.91197217,0.8421052631578947,0.0427807486631016,0.08142493638676845
0.91200906,0.8888888888888888,0.0427807486631016,0.08163265306122448
0.91316056,0.9411764705882353,0.0427807486631016,0.08184143222506395
0.9134584,0.9375,0.040106951871657755,0.07692307692307691
0.9147135,0.9333333333333333,0.0374331550802139,0.07197943444730076
0.91615087,1.0,0.0374331550802139,0.07216494845360824
0.91618747,1.0,0.034759358288770054,0.06718346253229975
0.9175823,1.0,0.03208556149732621,0.06217616580310882
0.91856956,1.0,0.029411764705882353,0.05714285714285715
0.9199525,1.0,0.026737967914438502,0.05208333333333333
0.92041016,1.0,0.02406417112299465,0.04699738903394255
0.92235667,1.0,0.0213903743315508,0.0418848167539267
0.9228109,1.0,0.01871657754010695,0.036745406824146974
0.9230528,1.0,0.016042780748663103,0.031578947368421054
0.92983854,1.0,0.013368983957219251,0.02638522427440633
0.93085694,1.0,0.0106951871657754,0.021164021164021163
0.93626565,1.0,0.008021390374331552,0.015915119363395226
0.9444492,1.0,0.0053475935828877,0.010638297872340425
0.9453202,1.0,0.00267379679144385,0.005333333333333333
